model,concept,k,n_layers,argmin,depth,tmin,drop,rise,is_u,icl_acc_t1,icl_acc_t0,zero_shot_t1,zero_shot_t0,answer_format_rate,n_truncated
Qwen/Qwen3-4B,caa_coordinate-other-ais,1,36,35,0.972,15.519317870184999,1413.7367910924695,1.0231711810377044,False,0.265,0.785,0.17,0.83,1.0,0
Qwen/Qwen3-4B,caa_coordinate-other-ais,5,36,36,1.0,6.866764241797157,9660.295200426583,1.0,False,0.51,0.885,0.17,0.83,1.0,0
Qwen/Qwen3-4B,caa_coordinate-other-ais,10,36,36,1.0,4.480604600993398,10606.946796453502,1.0,False,0.58,0.86,0.17,0.83,1.0,0
Qwen/Qwen3-4B,caa_coordinate-other-ais,15,36,36,1.0,4.137923049866967,11997.404285992618,1.0,False,0.665,0.915,0.17,0.83,1.0,0
Qwen/Qwen3-8B,caa_coordinate-other-ais,1,36,36,1.0,13.881675257528277,2259.30813744154,1.0,False,0.22,0.91,0.13,0.87,1.0,0
Qwen/Qwen3-8B,caa_coordinate-other-ais,5,36,36,1.0,10.612721522878042,7798.523723133202,1.0,False,0.575,0.875,0.13,0.87,1.0,0
Qwen/Qwen3-8B,caa_coordinate-other-ais,10,36,36,1.0,4.875605827777043,11349.925075720928,1.0,False,0.695,0.915,0.13,0.87,1.0,0
Qwen/Qwen3-8B,caa_coordinate-other-ais,15,36,36,1.0,3.4579667316241167,18342.55710133465,1.0,False,0.775,0.905,0.13,0.87,1.0,0
Qwen/Qwen3-14B,caa_coordinate-other-ais,1,40,40,1.0,9.175846932854643,3395.232060141947,1.0,False,0.285,0.88,0.065,0.935,1.0,0
Qwen/Qwen3-14B,caa_coordinate-other-ais,5,40,40,1.0,6.481243694297549,4321.4550478335495,1.0,False,0.6,0.915,0.065,0.935,0.9975,0
Qwen/Qwen3-14B,caa_coordinate-other-ais,10,40,40,1.0,6.67438533626824,6692.034025702335,1.0,False,0.635,0.935,0.065,0.935,1.0,0
Qwen/Qwen3-14B,caa_coordinate-other-ais,15,40,40,1.0,5.202828909056639,25563.532365207677,1.0,False,0.655,0.9,0.065,0.935,1.0,0
Qwen/Qwen3-32B,caa_coordinate-other-ais,1,64,64,1.0,6.317240588996092,2807.423010669611,1.0,False,0.395,0.945,0.11,0.89,1.0,0
Qwen/Qwen3-32B,caa_coordinate-other-ais,5,64,50,0.781,3.651553599637277,15134.378174120191,2.502066207510433,True,0.9,0.97,0.11,0.89,1.0,0
Qwen/Qwen3-32B,caa_coordinate-other-ais,10,64,50,0.781,2.3389202402569524,13444.057255900845,3.142694005975782,True,0.945,1.0,0.11,0.89,1.0,0
Qwen/Qwen3-32B,caa_coordinate-other-ais,15,64,50,0.781,2.2279147892040054,21355.27225496244,2.6870884899581413,True,0.995,0.99,0.11,0.89,1.0,0
google/gemma-2-9b-it,caa_coordinate-other-ais,1,42,41,0.976,18.686218879370106,1296.3984276827098,1.091976653153263,False,0.18,0.955,0.035,0.965,0.99,0
google/gemma-2-9b-it,caa_coordinate-other-ais,5,42,41,0.976,3.1565422763039477,11671.601133972517,1.8852185573125742,False,0.675,0.935,0.035,0.965,1.0,0
google/gemma-2-9b-it,caa_coordinate-other-ais,10,42,41,0.976,2.229460444065323,14457.197993325735,1.3971091098862756,False,0.93,0.965,0.035,0.965,1.0,0
google/gemma-2-9b-it,caa_coordinate-other-ais,15,42,41,0.976,2.3822569705770507,12398.707639131175,1.2855768515445447,False,0.945,0.955,0.035,0.965,1.0,0
google/gemma-2-27b-it,caa_coordinate-other-ais,1,46,46,1.0,1.6978872551521822,7514.31647797952,1.0,False,0.44,0.975,0.105,0.895,1.0,0
google/gemma-2-27b-it,caa_coordinate-other-ais,5,46,46,1.0,2.031503571481073,4944.368002696877,1.0,False,0.9,0.94,0.105,0.895,1.0,0
google/gemma-2-27b-it,caa_coordinate-other-ais,10,46,46,1.0,3.024921723329111,3634.889106514357,1.0,False,0.98,0.93,0.105,0.895,1.0,0
google/gemma-2-27b-it,caa_coordinate-other-ais,15,46,46,1.0,3.5956151677021264,3025.2954567597662,1.0,False,0.98,0.95,0.105,0.895,1.0,0
google/gemma-3-12b-it,caa_coordinate-other-ais,1,48,47,0.979,5.298708173911832,5218.4139038062785,3.089503847471016,False,0.355,0.925,0.15,0.85,1.0,0
google/gemma-3-12b-it,caa_coordinate-other-ais,5,48,47,0.979,3.0325090601891747,11171.961044036301,1.2900394284055785,False,0.85,0.915,0.15,0.85,1.0,0
google/gemma-3-12b-it,caa_coordinate-other-ais,10,48,48,1.0,4.127651375780404,5710.841975642118,1.0,False,0.94,0.9,0.15,0.85,1.0,0
google/gemma-3-12b-it,caa_coordinate-other-ais,15,48,48,1.0,4.396393777330131,15040.647020352972,1.0,False,0.98,0.93,0.15,0.85,1.0,0
google/gemma-3-27b-it,caa_coordinate-other-ais,1,62,61,0.984,4.655370260270939,6601.671174070264,3.857531564399082,False,0.32,0.925,0.18,0.82,1.0,0
google/gemma-3-27b-it,caa_coordinate-other-ais,5,62,61,0.984,1.2768144822794396,14047.775086318254,3.1970408599434195,False,0.84,0.985,0.18,0.82,1.0,0
google/gemma-3-27b-it,caa_coordinate-other-ais,10,62,61,0.984,1.337779304106741,13069.094969309072,2.5594723573745486,False,0.945,0.95,0.18,0.82,1.0,0
google/gemma-3-27b-it,caa_coordinate-other-ais,15,62,61,0.984,1.2830384593752127,58637.73279808341,2.5290686845192263,False,0.94,0.895,0.18,0.82,1.0,0
Qwen/Qwen3-4B,caa_corrigible-neutral-HHH,1,36,22,0.611,112.52185417471841,577.0656925468235,1.803614283622159,True,0.685,0.71,0.58,0.42,1.0,0
Qwen/Qwen3-4B,caa_corrigible-neutral-HHH,5,36,36,1.0,28.908596811036997,3229.0572413183686,1.0,False,0.775,0.915,0.58,0.42,1.0,0
Qwen/Qwen3-4B,caa_corrigible-neutral-HHH,10,36,35,0.972,12.308737971167842,5622.678822937847,1.0074605027786372,False,0.785,0.945,0.58,0.42,1.0,0
Qwen/Qwen3-4B,caa_corrigible-neutral-HHH,15,36,36,1.0,7.6465885319026246,5792.365293454024,1.0,False,0.79,0.93,0.58,0.42,1.0,0
Qwen/Qwen3-8B,caa_corrigible-neutral-HHH,1,36,36,1.0,85.85636956546031,1059.5924797851621,1.0,False,0.525,0.79,0.525,0.475,1.0,0
Qwen/Qwen3-8B,caa_corrigible-neutral-HHH,5,36,36,1.0,21.27023934848107,7025.110120008376,1.0,False,0.775,0.945,0.525,0.475,1.0,0
Qwen/Qwen3-8B,caa_corrigible-neutral-HHH,10,36,36,1.0,24.232773331021708,4601.590220267371,1.0,False,0.92,0.955,0.525,0.475,1.0,0
Qwen/Qwen3-8B,caa_corrigible-neutral-HHH,15,36,36,1.0,15.935082516276482,4187.744186425979,1.0,False,0.945,0.935,0.525,0.475,1.0,0
Qwen/Qwen3-14B,caa_corrigible-neutral-HHH,1,40,40,1.0,79.66336688603351,1088.8869351390465,1.0,False,0.685,0.785,0.49,0.51,1.0,0
Qwen/Qwen3-14B,caa_corrigible-neutral-HHH,5,40,40,1.0,31.230572163386853,2728.4269859931105,1.0,False,0.76,0.925,0.49,0.51,1.0,0
Qwen/Qwen3-14B,caa_corrigible-neutral-HHH,10,40,40,1.0,18.859458325682503,4979.1722903431555,1.0,False,0.805,0.935,0.49,0.51,1.0,0
Qwen/Qwen3-14B,caa_corrigible-neutral-HHH,15,40,40,1.0,19.16744149069359,2369.601635555329,1.0,False,0.805,0.915,0.49,0.51,1.0,0
Qwen/Qwen3-32B,caa_corrigible-neutral-HHH,1,64,49,0.766,13.464328161795432,7174.257349029702,6.195509050553567,True,0.435,0.87,0.54,0.46,1.0,0
Qwen/Qwen3-32B,caa_corrigible-neutral-HHH,5,64,53,0.828,3.971747805692724,26556.048351897974,5.40354049540373,True,0.825,0.925,0.54,0.46,1.0,0
Qwen/Qwen3-32B,caa_corrigible-neutral-HHH,10,64,50,0.781,2.540232851560499,21109.78845465225,3.3546198030319623,True,0.905,0.945,0.54,0.46,1.0,0
Qwen/Qwen3-32B,caa_corrigible-neutral-HHH,15,64,50,0.781,2.1999001099691746,14255.075907823919,3.4165402316166786,True,0.96,0.945,0.54,0.46,1.0,0
google/gemma-2-9b-it,caa_corrigible-neutral-HHH,1,42,41,0.976,20.353512168095207,2811.87416269072,1.1058364413002066,False,0.695,0.88,0.45,0.545,1.0,0
google/gemma-2-9b-it,caa_corrigible-neutral-HHH,5,42,41,0.976,4.830567962908558,14464.360885711896,1.3941179574620435,False,0.805,0.985,0.45,0.545,1.0,0
google/gemma-2-9b-it,caa_corrigible-neutral-HHH,10,42,32,0.762,2.7444234303471355,23377.27939259423,1.3440522887231077,False,0.87,0.975,0.45,0.545,1.0,0
google/gemma-2-9b-it,caa_corrigible-neutral-HHH,15,42,28,0.667,2.034414355920176,28404.62070360898,1.6733013436982769,True,0.905,0.985,0.45,0.545,1.0,0
google/gemma-2-27b-it,caa_corrigible-neutral-HHH,1,46,46,1.0,8.403480453978622,3553.8056755765465,1.0,False,0.745,0.86,0.36,0.64,1.0,0
google/gemma-2-27b-it,caa_corrigible-neutral-HHH,5,46,46,1.0,5.287907511901429,3486.6418660609916,1.0,False,0.945,0.955,0.36,0.64,1.0,0
google/gemma-2-27b-it,caa_corrigible-neutral-HHH,10,46,46,1.0,9.771908263522278,1293.2950998431668,1.0,False,0.97,0.94,0.36,0.64,1.0,0
google/gemma-2-27b-it,caa_corrigible-neutral-HHH,15,46,46,1.0,10.555733320845524,2261.4231593838235,1.0,False,0.965,0.93,0.36,0.64,1.0,0
google/gemma-3-12b-it,caa_corrigible-neutral-HHH,1,48,31,0.646,27.97279131675965,1654.5073018800979,1.7995693210723467,True,0.575,0.76,0.515,0.485,1.0,0
google/gemma-3-12b-it,caa_corrigible-neutral-HHH,5,48,46,0.958,8.444534133991235,8002.259102821011,1.4319953959829832,False,0.795,0.93,0.515,0.485,1.0,0
google/gemma-3-12b-it,caa_corrigible-neutral-HHH,10,48,46,0.958,7.540439534588358,6943.087035377171,1.076738410393109,False,0.915,0.94,0.515,0.485,1.0,0
google/gemma-3-12b-it,caa_corrigible-neutral-HHH,15,48,48,1.0,6.611734476477842,7839.634373352502,1.0,False,0.945,0.925,0.515,0.485,1.0,0
google/gemma-3-27b-it,caa_corrigible-neutral-HHH,1,62,41,0.661,39.57674677593559,1141.0350895255567,1.4121201064554922,False,0.74,0.69,0.585,0.415,1.0,0
google/gemma-3-27b-it,caa_corrigible-neutral-HHH,5,62,62,1.0,13.957601795909254,4063.793303152493,1.0,False,0.85,0.915,0.585,0.415,1.0,0
google/gemma-3-27b-it,caa_corrigible-neutral-HHH,10,62,62,1.0,6.6499798772965,4837.4619465280875,1.0,False,0.905,0.88,0.585,0.415,1.0,0
google/gemma-3-27b-it,caa_corrigible-neutral-HHH,15,62,62,1.0,5.723154357119697,6408.184489907567,1.0,False,0.895,0.87,0.585,0.415,1.0,0
Qwen/Qwen3-4B,caa_hallucination,1,36,36,1.0,50.232828888462365,6605.981932405834,1.0,False,0.34,0.745,0.335,0.665,1.0,0
Qwen/Qwen3-4B,caa_hallucination,5,36,36,1.0,11.728922578435359,22374.14563504301,1.0,False,0.455,0.75,0.335,0.665,1.0,0
Qwen/Qwen3-4B,caa_hallucination,10,36,35,0.972,7.529206378182468,21898.293271324204,1.084666752702873,False,0.48,0.785,0.335,0.665,1.0,0
Qwen/Qwen3-4B,caa_hallucination,15,36,35,0.972,5.69620613659069,34333.509643964484,1.2871244490437221,False,0.47,0.79,0.335,0.665,1.0,0
Qwen/Qwen3-8B,caa_hallucination,1,36,35,0.972,52.539075507255,7111.2579428145455,1.0172433722228256,False,0.32,0.755,0.295,0.705,1.0,0
Qwen/Qwen3-8B,caa_hallucination,5,36,36,1.0,7.434059195780346,41994.609353374755,1.0,False,0.33,0.825,0.295,0.705,1.0,0
Qwen/Qwen3-8B,caa_hallucination,10,36,36,1.0,4.353807372530506,51699.06360400718,1.0,False,0.405,0.825,0.295,0.705,1.0,0
Qwen/Qwen3-8B,caa_hallucination,15,36,36,1.0,4.441895427923489,37815.989853470324,1.0,False,0.465,0.85,0.295,0.705,1.0,0
Qwen/Qwen3-14B,caa_hallucination,1,40,23,0.575,111.8411941808347,2594.339703998487,1.0594116320771896,False,0.18,0.885,0.19,0.81,1.0,0
Qwen/Qwen3-14B,caa_hallucination,5,40,40,1.0,5.463299133984249,38985.83051977287,1.0,False,0.31,0.88,0.19,0.81,1.0,0
Qwen/Qwen3-14B,caa_hallucination,10,40,40,1.0,4.228129939316835,30058.307020245735,1.0,False,0.42,0.895,0.19,0.81,1.0,0
Qwen/Qwen3-14B,caa_hallucination,15,40,40,1.0,3.2864392382409924,51773.634061618504,1.0,False,0.47,0.91,0.19,0.81,1.0,0
Qwen/Qwen3-32B,caa_hallucination,1,64,64,1.0,7.525079826003973,22703.353625581214,1.0,False,0.315,0.855,0.22,0.78,1.0,0
Qwen/Qwen3-32B,caa_hallucination,5,64,51,0.797,2.678775627005154,61193.358470841034,6.202400306189729,True,0.7,0.87,0.22,0.78,1.0,0
Qwen/Qwen3-32B,caa_hallucination,10,64,51,0.797,1.8338389742012984,86295.8024582806,5.946394829249919,True,0.78,0.895,0.22,0.78,1.0,0
Qwen/Qwen3-32B,caa_hallucination,15,64,51,0.797,1.6411023859051983,80636.60133115103,3.6124411449740066,True,0.82,0.92,0.22,0.78,1.0,0
google/gemma-2-9b-it,caa_hallucination,1,42,41,0.976,9.572510803295899,20305.754695109765,1.2919873167278386,False,0.265,0.79,0.19,0.81,1.0,0
google/gemma-2-9b-it,caa_hallucination,5,42,41,0.976,1.9927806641961294,48595.49709526859,1.5169076755277775,False,0.315,0.825,0.19,0.81,1.0,0
google/gemma-2-9b-it,caa_hallucination,10,42,41,0.976,1.4428273532111067,88288.19841084754,1.4361423411252168,False,0.385,0.845,0.19,0.81,1.0,0
google/gemma-2-9b-it,caa_hallucination,15,42,41,0.976,1.489728039693211,103853.16614380939,1.4329823944980187,False,0.445,0.835,0.19,0.81,1.0,0
google/gemma-2-27b-it,caa_hallucination,1,46,46,1.0,8.472724955144855,6498.277363076771,1.0,False,0.205,0.84,0.19,0.8,1.0,0
google/gemma-2-27b-it,caa_hallucination,5,46,46,1.0,1.3228995696778403,35561.639176026125,1.0,False,0.29,0.89,0.19,0.8,1.0,0
google/gemma-2-27b-it,caa_hallucination,10,46,46,1.0,1.0147454597611136,36933.42154280968,1.0,False,0.46,0.92,0.19,0.8,1.0,0
google/gemma-2-27b-it,caa_hallucination,15,46,46,1.0,0.9754000790846347,44072.95790441708,1.0,False,0.56,0.92,0.19,0.8,1.0,0
google/gemma-3-12b-it,caa_hallucination,1,48,47,0.979,36.16000937880431,2213.4064543032737,1.7764438744921742,False,0.315,0.74,0.285,0.71,1.0,0
google/gemma-3-12b-it,caa_hallucination,5,48,47,0.979,2.3831406929603327,18449.168182008878,2.340233190477084,False,0.38,0.86,0.285,0.71,1.0,0
google/gemma-3-12b-it,caa_hallucination,10,48,47,0.979,2.2545530147559063,49027.6080865905,1.7459969061423293,False,0.55,0.865,0.285,0.71,1.0,0
google/gemma-3-12b-it,caa_hallucination,15,48,47,0.979,2.3936245518081876,30317.97743796233,1.8219260635687495,False,0.665,0.87,0.285,0.71,1.0,0
google/gemma-3-27b-it,caa_hallucination,1,62,61,0.984,15.320899143034941,8306.47605739083,2.3643771295090774,False,0.365,0.795,0.3,0.7,1.0,0
google/gemma-3-27b-it,caa_hallucination,5,62,61,0.984,1.450245953378445,20822.269568161373,3.7471398650477346,False,0.625,0.925,0.3,0.7,1.0,0
google/gemma-3-27b-it,caa_hallucination,10,62,61,0.984,0.8537996088946245,73334.05001364846,4.4617841058531535,False,0.79,0.925,0.3,0.7,1.0,0
google/gemma-3-27b-it,caa_hallucination,15,62,61,0.984,0.9655869760627914,155997.3363462755,4.69282373839009,False,0.855,0.93,0.3,0.7,1.0,0
Qwen/Qwen3-4B,caa_myopic-reward,1,36,25,0.694,181.06539475121986,661.8828164706714,1.9840740583400693,True,0.585,0.725,0.47,0.53,1.0,0
Qwen/Qwen3-4B,caa_myopic-reward,5,36,35,0.972,77.05851873894238,1236.1069696272866,1.4627364344267695,False,0.82,0.77,0.47,0.53,1.0,0
Qwen/Qwen3-4B,caa_myopic-reward,10,36,35,0.972,82.9560590064346,1083.7618286121294,1.0759467828056837,False,0.89,0.765,0.47,0.53,1.0,0
Qwen/Qwen3-4B,caa_myopic-reward,15,36,36,1.0,62.95765003077269,848.7168359316328,1.0,False,0.915,0.795,0.47,0.53,1.0,0
Qwen/Qwen3-8B,caa_myopic-reward,1,36,23,0.639,184.02100382586733,664.9224276166815,2.7816982334630107,True,0.55,0.665,0.4,0.6,1.0,0
Qwen/Qwen3-8B,caa_myopic-reward,5,36,35,0.972,100.13520208663734,1398.103497262675,1.1492544910144034,False,0.85,0.935,0.4,0.6,1.0,0
Qwen/Qwen3-8B,caa_myopic-reward,10,36,27,0.75,48.26603921734066,2169.666664908282,1.96107933608601,True,0.93,0.97,0.4,0.6,1.0,0
Qwen/Qwen3-8B,caa_myopic-reward,15,36,27,0.75,52.23048574007148,2102.8790893979494,2.147089137446911,True,0.95,0.96,0.4,0.6,1.0,0
Qwen/Qwen3-14B,caa_myopic-reward,1,40,26,0.65,141.10195347143627,844.5768118485678,1.9443246553106817,True,0.78,0.615,0.59,0.41,1.0,0
Qwen/Qwen3-14B,caa_myopic-reward,5,40,40,1.0,30.403162883898226,1823.081329648956,1.0,False,0.825,0.8,0.59,0.41,1.0,0
Qwen/Qwen3-14B,caa_myopic-reward,10,40,40,1.0,10.167473578877342,7172.78951018858,1.0,False,0.805,0.88,0.59,0.41,1.0,0
Qwen/Qwen3-14B,caa_myopic-reward,15,40,40,1.0,7.744094326536712,8296.667993814122,1.0,False,0.905,0.83,0.59,0.41,1.0,0
Qwen/Qwen3-32B,caa_myopic-reward,1,64,49,0.766,25.173096979516394,5523.050015828707,2.0613582999645867,True,0.565,0.735,0.38,0.62,1.0,0
Qwen/Qwen3-32B,caa_myopic-reward,5,64,51,0.797,4.290661185108133,13546.020333756216,5.726252241311074,True,0.92,0.955,0.38,0.62,1.0,0
Qwen/Qwen3-32B,caa_myopic-reward,10,64,51,0.797,3.148463010699046,16913.01617042788,3.691757733434318,True,0.965,0.97,0.38,0.62,1.0,0
Qwen/Qwen3-32B,caa_myopic-reward,15,64,51,0.797,2.513046470129064,20201.948023902827,4.2378648970954,True,0.99,0.99,0.38,0.62,1.0,0
google/gemma-2-9b-it,caa_myopic-reward,1,42,29,0.69,35.34980863167327,2463.518716637138,1.349400634123389,False,0.755,0.815,0.495,0.505,1.0,0
google/gemma-2-9b-it,caa_myopic-reward,5,42,29,0.69,7.741854820254464,8837.496829616262,1.7107721892081371,True,0.91,0.98,0.495,0.505,1.0,0
google/gemma-2-9b-it,caa_myopic-reward,10,42,29,0.69,3.974658545125189,16725.48089848385,2.2077437378981144,True,0.935,0.99,0.495,0.505,1.0,0
google/gemma-2-9b-it,caa_myopic-reward,15,42,29,0.69,3.582606868522387,17378.289035768914,2.22081982991549,True,0.955,0.995,0.495,0.505,1.0,0
google/gemma-2-27b-it,caa_myopic-reward,1,46,24,0.522,12.5996665054373,1390.8441370864105,3.0618834490063214,True,0.7,0.85,0.315,0.63,1.0,0
google/gemma-2-27b-it,caa_myopic-reward,5,46,25,0.543,9.247039067810176,1997.413457037095,2.3452954054063473,True,0.975,0.975,0.315,0.63,1.0,0
google/gemma-2-27b-it,caa_myopic-reward,10,46,25,0.543,8.812191827211933,2356.436413915627,2.2626550788491913,True,0.975,0.99,0.315,0.63,1.0,0
google/gemma-2-27b-it,caa_myopic-reward,15,46,25,0.543,9.42339472966306,2167.7611691960797,2.1598651708024046,True,0.98,0.985,0.315,0.63,1.0,0
google/gemma-3-12b-it,caa_myopic-reward,1,48,24,0.5,85.40508644493826,395.2828817632946,1.6488951345407312,True,0.8,0.53,0.475,0.525,1.0,0
google/gemma-3-12b-it,caa_myopic-reward,5,48,48,1.0,24.06099692348648,1920.838225317918,1.0,False,0.96,0.905,0.475,0.525,1.0,0
google/gemma-3-12b-it,caa_myopic-reward,10,48,48,1.0,18.00303593368236,4846.7877353131225,1.0,False,0.98,0.995,0.475,0.525,1.0,0
google/gemma-3-12b-it,caa_myopic-reward,15,48,48,1.0,16.82843305731393,13790.537883460778,1.0,False,0.985,0.995,0.475,0.525,1.0,0
google/gemma-3-27b-it,caa_myopic-reward,1,62,61,0.984,68.03578042103591,927.5086893956274,1.0561853918535162,False,0.67,0.695,0.335,0.665,1.0,0
google/gemma-3-27b-it,caa_myopic-reward,5,62,62,1.0,13.700187772921428,1691.1786375877502,1.0,False,0.865,0.93,0.335,0.665,1.0,0
google/gemma-3-27b-it,caa_myopic-reward,10,62,62,1.0,8.48656113738253,2497.067163931777,1.0,False,0.915,0.99,0.335,0.665,1.0,0
google/gemma-3-27b-it,caa_myopic-reward,15,62,45,0.726,6.276125258020999,7335.072135536368,1.0603621242662817,False,0.955,0.995,0.335,0.665,1.0,0
Qwen/Qwen3-4B,caa_refusal,1,36,35,0.972,7.927600436450249,20155.031906696615,1.2086394051146014,False,0.815,0.215,0.785,0.215,1.0,0
Qwen/Qwen3-4B,caa_refusal,5,36,36,1.0,5.012353294763637,10692.47350023735,1.0,False,0.83,0.3,0.785,0.215,1.0,0
Qwen/Qwen3-4B,caa_refusal,10,36,36,1.0,5.739561041704435,13961.030882327961,1.0,False,0.87,0.365,0.785,0.215,1.0,0
Qwen/Qwen3-4B,caa_refusal,15,36,36,1.0,7.817762286537206,3201.09472883779,1.0,False,0.855,0.445,0.785,0.215,1.0,0
Qwen/Qwen3-8B,caa_refusal,1,36,36,1.0,12.995693862749409,21272.01159076665,1.0,False,0.84,0.175,0.785,0.215,1.0,0
Qwen/Qwen3-8B,caa_refusal,5,36,36,1.0,5.395405165796168,18858.27549682738,1.0,False,0.85,0.28,0.785,0.215,1.0,0
Qwen/Qwen3-8B,caa_refusal,10,36,36,1.0,4.684384767708635,41431.06824224462,1.0,False,0.885,0.36,0.785,0.215,1.0,0
Qwen/Qwen3-8B,caa_refusal,15,36,35,0.972,4.638995309951389,15416.629393238936,1.2416273060868985,False,0.895,0.52,0.785,0.215,1.0,0
Qwen/Qwen3-14B,caa_refusal,1,40,40,1.0,7.127627327409087,16118.234010418928,1.0,False,0.835,0.295,0.83,0.17,1.0,0
Qwen/Qwen3-14B,caa_refusal,5,40,40,1.0,3.7302711373193134,24559.35263995993,1.0,False,0.82,0.63,0.83,0.17,1.0,0
Qwen/Qwen3-14B,caa_refusal,10,40,40,1.0,2.382879670230868,40609.89435013895,1.0,False,0.885,0.75,0.83,0.17,1.0,0
Qwen/Qwen3-14B,caa_refusal,15,40,40,1.0,2.657782910919562,10040.985153762065,1.0,False,0.855,0.745,0.83,0.17,1.0,0
Qwen/Qwen3-32B,caa_refusal,1,64,64,1.0,7.86020042270748,16584.29024128919,1.0,False,0.86,0.36,0.835,0.165,1.0,0
Qwen/Qwen3-32B,caa_refusal,5,64,51,0.797,3.9780393026997736,12848.27775633274,2.6106542817108407,True,0.885,0.65,0.835,0.165,1.0,0
Qwen/Qwen3-32B,caa_refusal,10,64,51,0.797,2.7610619672788963,37128.29006630266,2.4355048568493687,True,0.9,0.845,0.835,0.165,1.0,0
Qwen/Qwen3-32B,caa_refusal,15,64,51,0.797,2.772000352483183,9518.225287228845,2.099207475599166,True,0.9,0.92,0.835,0.165,1.0,0
google/gemma-2-9b-it,caa_refusal,1,42,41,0.976,9.200331062603913,9125.469094773072,1.8094421326559798,False,0.89,0.16,0.88,0.12,1.0,0
google/gemma-2-9b-it,caa_refusal,5,42,41,0.976,1.6549624106683125,35178.77517892555,2.0394848194095863,False,0.87,0.225,0.88,0.12,1.0,0
google/gemma-2-9b-it,caa_refusal,10,42,41,0.976,1.1244585548354205,56249.349377245664,1.7701825471905221,False,0.885,0.28,0.88,0.12,1.0,0
google/gemma-2-9b-it,caa_refusal,15,42,41,0.976,0.9917555517680148,32466.225222852696,1.7795695713383344,False,0.89,0.36,0.88,0.12,1.0,0
google/gemma-2-27b-it,caa_refusal,1,46,46,1.0,5.203382199576085,8601.78923011198,1.0,False,0.895,0.145,0.84,0.16,1.0,0
google/gemma-2-27b-it,caa_refusal,5,46,46,1.0,0.9948059410563526,31766.590011833447,1.0,False,0.905,0.46,0.84,0.16,1.0,0
google/gemma-2-27b-it,caa_refusal,10,46,46,1.0,0.894410711195386,17385.664863075875,1.0,False,0.92,0.7,0.84,0.16,1.0,0
google/gemma-2-27b-it,caa_refusal,15,46,46,1.0,0.9736009281191088,9200.694346547521,1.0,False,0.92,0.795,0.84,0.16,1.0,0
google/gemma-3-12b-it,caa_refusal,1,48,47,0.979,6.52737117090417,8071.233970076776,2.1618361561616464,False,0.875,0.22,0.805,0.195,1.0,0
google/gemma-3-12b-it,caa_refusal,5,48,47,0.979,1.6762365061559936,24034.39252763817,1.8651504029890638,False,0.89,0.435,0.805,0.195,1.0,0
google/gemma-3-12b-it,caa_refusal,10,48,47,0.979,1.9209039129256427,28912.692770850997,1.4990751604465924,False,0.895,0.565,0.805,0.195,1.0,0
google/gemma-3-12b-it,caa_refusal,15,48,47,0.979,2.027549149641754,11293.509876551283,1.3993104683668112,False,0.89,0.635,0.805,0.195,1.0,0
google/gemma-3-27b-it,caa_refusal,1,62,61,0.984,5.496965760918847,7682.981772761553,2.715340717214346,False,0.85,0.245,0.815,0.185,1.0,0
google/gemma-3-27b-it,caa_refusal,5,62,61,0.984,0.6579633361020851,105954.01344712276,3.6893304096305566,False,0.9,0.615,0.815,0.185,1.0,0
google/gemma-3-27b-it,caa_refusal,10,62,61,0.984,0.750675639344108,40438.037728510906,2.925531607400683,False,0.905,0.745,0.815,0.185,1.0,0
google/gemma-3-27b-it,caa_refusal,15,62,61,0.984,0.8749879038380867,38693.91236133496,2.9119993545189957,False,0.905,0.77,0.815,0.185,1.0,0
Qwen/Qwen3-4B,caa_survival-instinct,1,36,4,0.111,283.1921419490552,176.3462874462997,1.421743031345137,False,0.565,0.545,0.42,0.5,0.95,0
Qwen/Qwen3-4B,caa_survival-instinct,5,36,4,0.111,74.46629900757291,126.71981144465812,1.5460317891568331,True,0.66,0.58,0.42,0.5,0.955,0
Qwen/Qwen3-4B,caa_survival-instinct,10,36,5,0.139,58.19582874128466,132.24846600089552,1.2007158810769902,False,0.7,0.625,0.42,0.5,0.9525,0
Qwen/Qwen3-4B,caa_survival-instinct,15,36,5,0.139,48.700775028230254,122.92968201032849,1.1354091541660074,False,0.745,0.635,0.42,0.5,0.965,0
Qwen/Qwen3-8B,caa_survival-instinct,1,36,4,0.111,547.8006876642818,127.04156528187974,1.5353787001401145,True,0.465,0.505,0.455,0.44,0.895,0
Qwen/Qwen3-8B,caa_survival-instinct,5,36,36,1.0,144.08692462679124,102.58778615241532,1.0,False,0.68,0.54,0.455,0.44,0.92,0
Qwen/Qwen3-8B,caa_survival-instinct,10,36,36,1.0,86.63750154595398,115.42444808412212,1.0,False,0.735,0.62,0.455,0.44,0.9275,0
Qwen/Qwen3-8B,caa_survival-instinct,15,36,36,1.0,80.81648906800193,94.32649661680615,1.0,False,0.775,0.625,0.455,0.44,0.94,0
Qwen/Qwen3-14B,caa_survival-instinct,1,40,40,1.0,216.98449568254213,303.9854814091193,1.0,False,0.56,0.525,0.475,0.445,0.92,0
Qwen/Qwen3-14B,caa_survival-instinct,5,40,26,0.65,116.66018159850263,105.14562492736604,1.4927885912293273,False,0.79,0.575,0.475,0.445,0.9375,0
Qwen/Qwen3-14B,caa_survival-instinct,10,40,39,0.975,78.17755096418581,108.13367754727666,1.3167306659599334,False,0.82,0.625,0.475,0.445,0.9525,0
Qwen/Qwen3-14B,caa_survival-instinct,15,40,39,0.975,52.02401541115767,136.4476310401781,1.481001337946086,False,0.825,0.69,0.475,0.445,0.9575,0
Qwen/Qwen3-32B,caa_survival-instinct,1,64,51,0.797,92.56370869670593,606.0788888384227,6.3560960031704195,True,0.645,0.47,0.57,0.335,0.9175,0
Qwen/Qwen3-32B,caa_survival-instinct,5,64,51,0.797,14.976678440159317,589.4761076647793,5.814380258390561,True,0.84,0.645,0.57,0.335,0.9325,0
Qwen/Qwen3-32B,caa_survival-instinct,10,64,51,0.797,8.747453282645228,825.5058642168201,4.99458846176583,True,0.87,0.73,0.57,0.335,0.9425,0
Qwen/Qwen3-32B,caa_survival-instinct,15,64,51,0.797,6.6043907926880125,829.6399451574797,3.2180819162135705,True,0.9,0.78,0.57,0.335,0.9425,0
google/gemma-2-9b-it,caa_survival-instinct,1,42,42,1.0,161.8566765201312,522.1811681585275,1.0,False,0.595,0.535,0.565,0.33,0.885,0
google/gemma-2-9b-it,caa_survival-instinct,5,42,40,0.952,20.550154308316564,1273.9779765126007,1.0342169337775058,False,0.715,0.675,0.565,0.33,0.9275,0
google/gemma-2-9b-it,caa_survival-instinct,10,42,40,0.952,8.830050201256723,2103.522462769795,1.1702384114675386,False,0.755,0.72,0.565,0.33,0.93,0
google/gemma-2-9b-it,caa_survival-instinct,15,42,33,0.786,6.830244297060618,1837.731105462273,1.1814573170413571,False,0.8,0.73,0.565,0.33,0.935,0
google/gemma-2-27b-it,caa_survival-instinct,1,46,44,0.957,79.24543158567083,250.95870082946587,1.1210968830085286,False,0.685,0.57,0.46,0.46,0.9275,0
google/gemma-2-27b-it,caa_survival-instinct,5,46,46,1.0,18.556696223671832,1608.0196421036703,1.0,False,0.825,0.7,0.46,0.46,0.945,0
google/gemma-2-27b-it,caa_survival-instinct,10,46,46,1.0,9.785824587734531,1162.7052509708828,1.0,False,0.895,0.7,0.46,0.46,0.9475,0
google/gemma-2-27b-it,caa_survival-instinct,15,46,46,1.0,7.693650505878625,2062.079848646286,1.0,False,0.87,0.73,0.46,0.46,0.9425,0
google/gemma-3-12b-it,caa_survival-instinct,1,48,32,0.667,90.4584276130779,847.3824152383937,1.6026903731081188,True,0.535,0.52,0.505,0.405,0.9275,0
google/gemma-3-12b-it,caa_survival-instinct,5,48,31,0.646,19.91298475178381,1757.950889640022,1.446265301040306,False,0.76,0.65,0.505,0.405,0.9375,0
google/gemma-3-12b-it,caa_survival-instinct,10,48,32,0.667,13.073472909683097,2328.543963412185,1.011718354136293,False,0.825,0.67,0.505,0.405,0.9375,0
google/gemma-3-12b-it,caa_survival-instinct,15,48,48,1.0,9.823060449169573,2566.061599698415,1.0,False,0.84,0.675,0.505,0.405,0.945,0
google/gemma-3-27b-it,caa_survival-instinct,1,62,19,0.306,155.82870959958927,379.4504083122363,1.3290052232800413,False,0.635,0.475,0.44,0.47,0.93,0
google/gemma-3-27b-it,caa_survival-instinct,5,62,61,0.984,20.69133009802608,769.6906159047884,1.0932872485411282,False,0.88,0.63,0.44,0.47,0.9475,0
google/gemma-3-27b-it,caa_survival-instinct,10,62,62,1.0,13.50233380558116,1197.9773007075414,1.0,False,0.88,0.705,0.44,0.47,0.945,0
google/gemma-3-27b-it,caa_survival-instinct,15,62,61,0.984,6.830562946531946,3381.3153860189477,1.3255752254143445,False,0.925,0.76,0.44,0.47,0.9575,0
Qwen/Qwen3-4B,caa_sycophancy,1,36,36,1.0,23.204311968725097,5384.418965575698,1.0,False,0.855,0.17,0.87,0.13,1.0,0
Qwen/Qwen3-4B,caa_sycophancy,5,36,36,1.0,2.171456771904233,73878.39594522938,1.0,False,0.88,0.185,0.87,0.13,1.0,0
Qwen/Qwen3-4B,caa_sycophancy,10,36,36,1.0,1.6438173615610363,105919.31668306534,1.0,False,0.87,0.215,0.87,0.13,1.0,0
Qwen/Qwen3-4B,caa_sycophancy,15,36,36,1.0,1.315171314566863,112888.66655906498,1.0,False,0.865,0.25,0.87,0.13,1.0,0
Qwen/Qwen3-8B,caa_sycophancy,1,36,35,0.972,98.49308725549798,2967.8253679737404,1.0684329164674873,False,0.87,0.14,0.895,0.105,1.0,0
Qwen/Qwen3-8B,caa_sycophancy,5,36,36,1.0,8.399922677609272,26761.381263678228,1.0,False,0.895,0.145,0.895,0.105,1.0,0
Qwen/Qwen3-8B,caa_sycophancy,10,36,36,1.0,3.78865889527698,58605.76850222602,1.0,False,0.93,0.19,0.895,0.105,1.0,0
Qwen/Qwen3-8B,caa_sycophancy,15,36,36,1.0,2.6631205069016217,92280.41495076832,1.0,False,0.93,0.2,0.895,0.105,1.0,0
Qwen/Qwen3-14B,caa_sycophancy,1,40,39,0.975,98.8557836886099,2200.6564576724713,1.0900188885311024,False,0.915,0.115,0.91,0.09,1.0,0
Qwen/Qwen3-14B,caa_sycophancy,5,40,40,1.0,3.506178082348343,41023.75548031007,1.0,False,0.945,0.355,0.91,0.09,1.0,0
Qwen/Qwen3-14B,caa_sycophancy,10,40,39,0.975,2.2007698300672422,61837.01817402885,1.1337310330782626,False,0.94,0.455,0.91,0.09,1.0,0
Qwen/Qwen3-14B,caa_sycophancy,15,40,39,0.975,1.761829698260007,116867.47280256459,1.5866421932328938,False,0.94,0.515,0.91,0.09,1.0,0
Qwen/Qwen3-32B,caa_sycophancy,1,64,64,1.0,8.798731853035227,23841.986181452,1.0,False,0.92,0.21,0.92,0.08,1.0,0
Qwen/Qwen3-32B,caa_sycophancy,5,64,64,1.0,2.476434938904464,93369.72907557333,1.0,False,0.93,0.605,0.92,0.08,1.0,0
Qwen/Qwen3-32B,caa_sycophancy,10,64,50,0.781,1.867792060332231,66442.95580061554,2.3155648723546998,True,0.95,0.72,0.92,0.08,1.0,0
Qwen/Qwen3-32B,caa_sycophancy,15,64,50,0.781,1.5357164412619901,63720.14631790035,3.8699262345439625,True,0.945,0.735,0.92,0.08,1.0,0
google/gemma-2-9b-it,caa_sycophancy,1,42,41,0.976,16.826494337678465,10211.195472132102,1.541883390089098,False,0.935,0.065,0.925,0.075,1.0,0
google/gemma-2-9b-it,caa_sycophancy,5,42,41,0.976,0.89717946229976,156584.36329033045,1.7911001093588346,False,0.955,0.065,0.925,0.075,1.0,0
google/gemma-2-9b-it,caa_sycophancy,10,42,41,0.976,0.5599955270237653,260151.16604763697,1.8846691176213513,False,0.97,0.15,0.925,0.075,1.0,0
google/gemma-2-9b-it,caa_sycophancy,15,42,41,0.976,0.5380703959085715,359381.51856787776,1.805943926275425,False,0.98,0.19,0.925,0.075,1.0,0
google/gemma-2-27b-it,caa_sycophancy,1,46,46,1.0,13.532589078332856,4203.214832570615,1.0,False,0.935,0.06,0.91,0.09,1.0,0
google/gemma-2-27b-it,caa_sycophancy,5,46,46,1.0,1.0080927785993665,41971.10218526646,1.0,False,0.955,0.12,0.91,0.09,1.0,0
google/gemma-2-27b-it,caa_sycophancy,10,46,46,1.0,0.658637155464521,85407.47725463216,1.0,False,0.955,0.16,0.91,0.09,1.0,0
google/gemma-2-27b-it,caa_sycophancy,15,46,46,1.0,0.6188650328289236,67920.56255213376,1.0,False,0.95,0.285,0.91,0.09,1.0,0
google/gemma-3-12b-it,caa_sycophancy,1,48,47,0.979,31.598449200575157,4155.250780430905,1.532442033023072,False,0.885,0.13,0.88,0.12,1.0,0
google/gemma-3-12b-it,caa_sycophancy,5,48,46,0.958,3.729025778384733,29274.40280413123,1.231454671527273,False,0.94,0.105,0.88,0.12,1.0,0
google/gemma-3-12b-it,caa_sycophancy,10,48,46,0.958,1.4205577210717064,59166.67876660843,1.4251681175089417,False,0.955,0.175,0.88,0.12,1.0,0
google/gemma-3-12b-it,caa_sycophancy,15,48,47,0.979,0.8322010382623404,95337.39488425205,1.7324778970066133,False,0.96,0.215,0.88,0.12,1.0,0
google/gemma-3-27b-it,caa_sycophancy,1,62,61,0.984,12.36811427272399,2488.028770044586,1.9813262610487785,False,0.94,0.08,0.92,0.08,1.0,0
google/gemma-3-27b-it,caa_sycophancy,5,62,61,0.984,0.9097041959822193,134049.11686791835,3.0023597348365714,False,0.94,0.22,0.92,0.08,1.0,0
google/gemma-3-27b-it,caa_sycophancy,10,62,61,0.984,0.46304929147656754,149305.44098543198,3.710974297343177,False,0.965,0.29,0.92,0.08,1.0,0
google/gemma-3-27b-it,caa_sycophancy,15,62,61,0.984,0.3632152675988615,215372.67962577302,4.1600194892375315,False,0.97,0.345,0.92,0.08,1.0,0
Qwen/Qwen3-4B,truth_cities,1,36,36,1.0,5.339203861191094,3611.3486341653293,1.0,False,0.975,0.025,0.0,0.0,1.0,0
Qwen/Qwen3-4B,truth_cities,5,36,36,1.0,0.6900978292683482,8824.344212709033,1.0,False,0.985,0.055,0.0,0.0,1.0,0
Qwen/Qwen3-4B,truth_cities,10,36,36,1.0,0.4120107249640058,7814.835880183722,1.0,False,0.985,0.215,0.0,0.0,1.0,0
Qwen/Qwen3-4B,truth_cities,15,36,36,1.0,0.37822687500827284,75047.14945849823,1.0,False,0.995,0.365,0.0,0.0,1.0,0
Qwen/Qwen3-8B,truth_cities,1,36,36,1.0,5.905672461754171,2999.233203352424,1.0,False,0.99,0.005,0.375,0.015,1.0,0
Qwen/Qwen3-8B,truth_cities,5,36,35,0.972,0.6953457761158984,3828.0974735620466,1.0871727394242103,False,0.995,0.29,0.375,0.015,1.0,0
Qwen/Qwen3-8B,truth_cities,10,36,35,0.972,0.43430822884932546,6526.903152290692,1.0963458402031632,False,0.99,0.445,0.375,0.015,1.0,0
Qwen/Qwen3-8B,truth_cities,15,36,35,0.972,0.3788921802326875,25220.453955136087,1.158658144690733,False,0.995,0.595,0.375,0.015,1.0,0
Qwen/Qwen3-14B,truth_cities,1,40,40,1.0,1.2774181309701202,18472.242708039095,1.0,False,0.995,0.01,0.49,0.01,1.0,0
Qwen/Qwen3-14B,truth_cities,5,40,39,0.975,0.5538591817259844,10161.485829480027,1.3172833404676543,False,1.0,0.48,0.49,0.01,1.0,0
Qwen/Qwen3-14B,truth_cities,10,40,40,1.0,0.31064319679796953,13364.770411290305,1.0,False,1.0,0.74,0.49,0.01,1.0,0
Qwen/Qwen3-14B,truth_cities,15,40,40,1.0,0.2593469345639292,49498.57009920551,1.0,False,1.0,0.85,0.49,0.01,1.0,0
Qwen/Qwen3-32B,truth_cities,1,64,63,0.984,9.334553437620908,2744.6252317256476,1.3085124560218204,False,0.54,0.08,0.135,0.0,0.6325,0
Qwen/Qwen3-32B,truth_cities,5,64,63,0.984,2.586457809462788,5236.17993800458,1.4493252196239654,False,0.745,0.53,0.135,0.0,0.86,0
Qwen/Qwen3-32B,truth_cities,10,64,60,0.938,2.037702021861542,3110.4745608806734,1.3809287159648562,False,0.965,0.735,0.135,0.0,0.98,0
Qwen/Qwen3-32B,truth_cities,15,64,64,1.0,1.04441378662346,17790.33415526194,1.0,False,1.0,0.815,0.135,0.0,1.0,0
google/gemma-2-9b-it,truth_cities,1,42,41,0.976,1.4647302962532933,6913.73397018152,2.1464908688888724,False,0.985,0.015,0.995,0.0,1.0,0
google/gemma-2-9b-it,truth_cities,5,42,41,0.976,0.31084044429982083,16133.20793686994,3.129720478834853,False,0.99,0.375,0.995,0.0,1.0,0
google/gemma-2-9b-it,truth_cities,10,42,41,0.976,0.2781250346532299,10449.811763030915,3.1062456538225005,False,0.995,0.83,0.995,0.0,1.0,0
google/gemma-2-9b-it,truth_cities,15,42,41,0.976,0.26965225367731843,17592.559321930647,3.1008519605154836,False,0.99,0.91,0.995,0.0,1.0,0
google/gemma-2-27b-it,truth_cities,1,46,46,1.0,2.4324020996263807,2328.556189419255,1.0,False,0.995,0.005,0.995,0.0,1.0,0
google/gemma-2-27b-it,truth_cities,5,46,46,1.0,0.3516888132095135,12299.91724795946,1.0,False,0.995,0.315,0.995,0.0,1.0,0
google/gemma-2-27b-it,truth_cities,10,46,46,1.0,0.360256676635496,18465.86100354452,1.0,False,0.995,0.67,0.995,0.0,1.0,0
google/gemma-2-27b-it,truth_cities,15,46,46,1.0,0.4303329647886861,9758.226222040048,1.0,False,0.995,0.84,0.995,0.0,1.0,0
google/gemma-3-12b-it,truth_cities,1,48,47,0.979,3.199080555468054,4543.49673206559,2.1889266688978704,False,0.99,0.01,0.625,0.0,1.0,0
google/gemma-3-12b-it,truth_cities,5,48,47,0.979,0.5673296724674299,18059.320532796424,2.0487383888750643,False,0.99,0.445,0.625,0.0,1.0,0
google/gemma-3-12b-it,truth_cities,10,48,47,0.979,0.3876123450681045,27262.528290679144,2.169655496725066,False,0.995,0.595,0.625,0.0,1.0,0
google/gemma-3-12b-it,truth_cities,15,48,47,0.979,0.27837302205498765,34617.69419102348,2.619953943581625,False,0.995,0.72,0.625,0.0,1.0,0
google/gemma-3-27b-it,truth_cities,1,62,61,0.984,4.144034678723736,2557.651232975239,1.5195315266966434,False,0.995,0.005,0.685,0.0,1.0,0
google/gemma-3-27b-it,truth_cities,5,62,61,0.984,0.31639538745877055,27716.083822972985,4.269334116961311,False,1.0,0.385,0.685,0.0,1.0,0
google/gemma-3-27b-it,truth_cities,10,62,61,0.984,0.23874708649501464,55290.00384385518,4.906149637110333,False,1.0,0.65,0.685,0.0,1.0,0
google/gemma-3-27b-it,truth_cities,15,62,61,0.984,0.20624103820415102,30871.107418659358,5.169304593485559,False,1.0,0.775,0.685,0.0,1.0,0
Qwen/Qwen3-4B,truth_common_claim_true_false,1,36,36,1.0,58.98381785152348,672.6885275006148,1.0,False,0.76,0.245,0.115,0.04,1.0,0
Qwen/Qwen3-4B,truth_common_claim_true_false,5,36,36,1.0,7.0827603053553,2465.397969417512,1.0,False,0.76,0.305,0.115,0.04,1.0,0
Qwen/Qwen3-4B,truth_common_claim_true_false,10,36,36,1.0,4.465157533057258,4041.2238500117683,1.0,False,0.745,0.29,0.115,0.04,1.0,0
Qwen/Qwen3-4B,truth_common_claim_true_false,15,36,36,1.0,3.72124033243513,7910.199345019629,1.0,False,0.75,0.36,0.115,0.04,1.0,0
Qwen/Qwen3-8B,truth_common_claim_true_false,1,36,36,1.0,84.65607727534076,557.51048216631,1.0,False,0.815,0.22,0.455,0.175,1.0,0
Qwen/Qwen3-8B,truth_common_claim_true_false,5,36,35,0.972,5.614400052967031,3820.7243436020635,1.2140750156864775,False,0.745,0.265,0.455,0.175,1.0,0
Qwen/Qwen3-8B,truth_common_claim_true_false,10,36,35,0.972,3.4117358252243197,2612.275490730122,1.2415024397682073,False,0.745,0.29,0.455,0.175,1.0,0
Qwen/Qwen3-8B,truth_common_claim_true_false,15,36,35,0.972,2.8139184306334677,18912.866707595327,1.0899984624347923,False,0.74,0.32,0.455,0.175,1.0,0
Qwen/Qwen3-14B,truth_common_claim_true_false,1,40,39,0.975,59.44229064781716,1281.290850029658,1.0439073802114291,False,0.79,0.25,0.175,0.06,1.0,0
Qwen/Qwen3-14B,truth_common_claim_true_false,5,40,40,1.0,4.5012249752534235,9215.283515952027,1.0,False,0.785,0.265,0.175,0.06,1.0,0
Qwen/Qwen3-14B,truth_common_claim_true_false,10,40,40,1.0,1.7289333352897789,25595.945372904283,1.0,False,0.785,0.285,0.175,0.06,1.0,0
Qwen/Qwen3-14B,truth_common_claim_true_false,15,40,40,1.0,1.181025591848668,33859.56325236027,1.0,False,0.78,0.33,0.175,0.06,1.0,0
Qwen/Qwen3-32B,truth_common_claim_true_false,1,64,63,0.984,103.60557899391063,1344.5777160847317,2.1040967663647665,False,0.565,0.195,0.23,0.085,0.795,0
Qwen/Qwen3-32B,truth_common_claim_true_false,5,64,63,0.984,14.640630128834053,3056.2291213898243,1.8635551036287714,False,0.74,0.4,0.23,0.085,0.9625,0
Qwen/Qwen3-32B,truth_common_claim_true_false,10,64,63,0.984,8.20717287383327,6077.560241070027,1.68940717402255,False,0.745,0.36,0.23,0.085,1.0,0
Qwen/Qwen3-32B,truth_common_claim_true_false,15,64,63,0.984,5.814115728732602,8663.63773082132,2.0737447053490348,False,0.765,0.415,0.23,0.085,1.0,0
google/gemma-2-9b-it,truth_common_claim_true_false,1,42,41,0.976,63.78612992404989,577.2677061004409,1.3617644949864844,False,0.75,0.265,0.285,0.055,0.985,0
google/gemma-2-9b-it,truth_common_claim_true_false,5,42,41,0.976,4.730461722954318,3327.113412053461,2.4313049436326475,False,0.755,0.28,0.285,0.055,0.9875,0
google/gemma-2-9b-it,truth_common_claim_true_false,10,42,41,0.976,3.3027191760192527,5957.821638279964,2.179170176431146,False,0.75,0.295,0.285,0.055,0.995,0
google/gemma-2-9b-it,truth_common_claim_true_false,15,42,41,0.976,2.7041208630744347,9393.727158930695,1.9618018882294121,False,0.745,0.34,0.285,0.055,0.9975,0
google/gemma-2-27b-it,truth_common_claim_true_false,1,46,46,1.0,128.5863844027956,202.41282161504523,1.0,False,0.76,0.275,0.37,0.06,0.9925,0
google/gemma-2-27b-it,truth_common_claim_true_false,5,46,46,1.0,7.608785715111448,3062.4863077515706,1.0,False,0.73,0.27,0.37,0.06,0.9975,0
google/gemma-2-27b-it,truth_common_claim_true_false,10,46,46,1.0,4.278183976850166,3456.0301451246273,1.0,False,0.76,0.27,0.37,0.06,1.0,0
google/gemma-2-27b-it,truth_common_claim_true_false,15,46,46,1.0,3.033432081288853,5001.402347771751,1.0,False,0.78,0.34,0.37,0.06,1.0,0
google/gemma-3-12b-it,truth_common_claim_true_false,1,48,47,0.979,34.05586135755467,879.9659661191674,5.157009653870502,False,0.685,0.32,0.36,0.065,0.9975,0
google/gemma-3-12b-it,truth_common_claim_true_false,5,48,47,0.979,3.880109123836918,6249.703191027417,3.6707244638031846,False,0.66,0.355,0.36,0.065,1.0,0
google/gemma-3-12b-it,truth_common_claim_true_false,10,48,47,0.979,2.4658839763824356,9277.156330646383,2.7204976685588824,False,0.69,0.4,0.36,0.065,1.0,0
google/gemma-3-12b-it,truth_common_claim_true_false,15,48,47,0.979,2.0574844021306817,14895.857656239332,2.1072585287710046,False,0.69,0.39,0.36,0.065,1.0,0
google/gemma-3-27b-it,truth_common_claim_true_false,1,62,61,0.984,110.10398177643728,706.7356346866428,1.6578341240763725,False,0.725,0.29,0.26,0.08,1.0,0
google/gemma-3-27b-it,truth_common_claim_true_false,5,62,61,0.984,8.921980256873907,2254.562581914263,2.1047233970713517,False,0.745,0.28,0.26,0.08,1.0,0
google/gemma-3-27b-it,truth_common_claim_true_false,10,62,61,0.984,3.7831988477777876,5105.144392873366,2.5327718255777003,False,0.78,0.305,0.26,0.08,1.0,0
google/gemma-3-27b-it,truth_common_claim_true_false,15,62,61,0.984,1.9491760801087683,30447.78255459883,2.8100481448238037,False,0.775,0.345,0.26,0.08,1.0,0
Qwen/Qwen3-4B,truth_companies_true_false,1,36,36,1.0,17.192810045076413,1526.7728071218476,1.0,False,0.87,0.14,0.0,0.0,1.0,0
Qwen/Qwen3-4B,truth_companies_true_false,5,36,36,1.0,1.800409824112542,4306.165986696484,1.0,False,0.895,0.12,0.0,0.0,1.0,0
Qwen/Qwen3-4B,truth_companies_true_false,10,36,36,1.0,0.8400076129597022,21624.19946354385,1.0,False,0.905,0.145,0.0,0.0,1.0,0
Qwen/Qwen3-4B,truth_companies_true_false,15,36,36,1.0,0.6649755213596643,23669.771561054386,1.0,False,0.91,0.235,0.0,0.0,1.0,0
Qwen/Qwen3-8B,truth_companies_true_false,1,36,36,1.0,13.461953020279637,1761.2154389765728,1.0,False,0.87,0.11,0.24,0.03,1.0,0
Qwen/Qwen3-8B,truth_companies_true_false,5,36,36,1.0,1.3521606644182675,2495.5937654963095,1.0,False,0.9,0.13,0.24,0.03,1.0,0
Qwen/Qwen3-8B,truth_companies_true_false,10,36,36,1.0,0.7057866262768221,10751.99934311521,1.0,False,0.91,0.11,0.24,0.03,1.0,0
Qwen/Qwen3-8B,truth_companies_true_false,15,36,35,0.972,0.6983176541081746,10523.939779814524,1.1207883470314937,False,0.91,0.305,0.24,0.03,1.0,0
Qwen/Qwen3-14B,truth_companies_true_false,1,40,40,1.0,4.397261031409065,15759.187539464741,1.0,False,0.92,0.095,0.315,0.025,1.0,0
Qwen/Qwen3-14B,truth_companies_true_false,5,40,40,1.0,0.9923474617978314,25445.54903093237,1.0,False,0.9,0.2,0.315,0.025,1.0,0
Qwen/Qwen3-14B,truth_companies_true_false,10,40,40,1.0,0.410685664197202,92520.72077187251,1.0,False,0.905,0.485,0.315,0.025,1.0,0
Qwen/Qwen3-14B,truth_companies_true_false,15,40,40,1.0,0.48583212875644904,55779.23794692931,1.0,False,0.905,0.625,0.315,0.025,1.0,0
Qwen/Qwen3-32B,truth_companies_true_false,1,64,63,0.984,41.4889705356356,2699.7035763878184,1.7037938694773347,False,0.755,0.11,0.06,0.0,0.8575,0
Qwen/Qwen3-32B,truth_companies_true_false,5,64,63,0.984,6.067465317288528,6559.889820953204,2.834199107304494,False,0.885,0.375,0.06,0.0,0.9925,0
Qwen/Qwen3-32B,truth_companies_true_false,10,64,63,0.984,3.566367473021672,16677.814948041145,2.302801680081022,False,0.885,0.505,0.06,0.0,1.0,0
Qwen/Qwen3-32B,truth_companies_true_false,15,64,63,0.984,2.379363984010795,16398.12322461867,2.1427354939217467,False,0.9,0.665,0.06,0.0,1.0,0
google/gemma-2-9b-it,truth_companies_true_false,1,42,41,0.976,8.464865539876854,2815.674220264925,1.5723200789928624,False,0.89,0.105,0.66,0.055,1.0,0
google/gemma-2-9b-it,truth_companies_true_false,5,42,41,0.976,0.6716557513507084,15089.182114331583,2.808935388122858,False,0.89,0.12,0.66,0.055,1.0,0
google/gemma-2-9b-it,truth_companies_true_false,10,42,41,0.976,0.49380098677369927,22168.104552640216,2.387475025406853,False,0.895,0.355,0.66,0.055,1.0,0
google/gemma-2-9b-it,truth_companies_true_false,15,42,41,0.976,0.4265900016026962,77054.60259081954,2.4192081699652728,False,0.89,0.605,0.66,0.055,1.0,0
google/gemma-2-27b-it,truth_companies_true_false,1,46,46,1.0,12.446489563022313,780.5293479639935,1.0,False,0.915,0.095,0.76,0.065,1.0,0
google/gemma-2-27b-it,truth_companies_true_false,5,46,46,1.0,0.7386236416794976,14248.476031872966,1.0,False,0.905,0.12,0.76,0.065,1.0,0
google/gemma-2-27b-it,truth_companies_true_false,10,46,46,1.0,0.4877572590898387,36673.35723361814,1.0,False,0.91,0.395,0.76,0.065,1.0,0
google/gemma-2-27b-it,truth_companies_true_false,15,46,46,1.0,0.46883107366703075,28930.33752802332,1.0,False,0.91,0.605,0.76,0.065,1.0,0
google/gemma-3-12b-it,truth_companies_true_false,1,48,47,0.979,11.30827716886653,1399.699519851091,2.7356777534382855,False,0.9,0.095,0.69,0.06,1.0,0
google/gemma-3-12b-it,truth_companies_true_false,5,48,47,0.979,0.8254255477958419,26966.81462751954,2.705439951928074,False,0.915,0.155,0.69,0.06,1.0,0
google/gemma-3-12b-it,truth_companies_true_false,10,48,47,0.979,0.4025614460841208,102556.04736778034,2.8775799630317493,False,0.91,0.3,0.69,0.06,1.0,0
google/gemma-3-12b-it,truth_companies_true_false,15,48,47,0.979,0.28615270076387633,80684.50953911869,3.2163709368858697,False,0.905,0.455,0.69,0.06,1.0,0
google/gemma-3-27b-it,truth_companies_true_false,1,62,61,0.984,16.161975600459375,710.5257578084276,2.6180581517184693,False,0.91,0.085,0.325,0.04,1.0,0
google/gemma-3-27b-it,truth_companies_true_false,5,62,61,0.984,0.6231691808540569,32604.90308396273,4.845362239426808,False,0.89,0.15,0.325,0.04,1.0,0
google/gemma-3-27b-it,truth_companies_true_false,10,62,61,0.984,0.305435349117216,60856.41961283502,5.610945361730193,False,0.9,0.33,0.325,0.04,1.0,0
google/gemma-3-27b-it,truth_companies_true_false,15,62,61,0.984,0.2619357496201037,83203.90012068914,5.754808781938503,False,0.915,0.43,0.325,0.04,1.0,0
Qwen/Qwen3-4B,truth_larger_than,1,36,36,1.0,4.635241050638046,2095.997985177555,1.0,False,0.98,0.055,0.0,0.0,1.0,0
Qwen/Qwen3-4B,truth_larger_than,5,36,36,1.0,0.4110493365382476,3030.0688342070607,1.0,False,0.995,0.325,0.0,0.0,1.0,0
Qwen/Qwen3-4B,truth_larger_than,10,36,35,0.972,0.31269196039820385,9533.12494965295,1.036064150682108,False,0.975,0.53,0.0,0.0,1.0,0
Qwen/Qwen3-4B,truth_larger_than,15,36,35,0.972,0.2763414152326766,13718.185097295287,1.1853456806509866,False,1.0,0.63,0.0,0.0,1.0,0
Qwen/Qwen3-8B,truth_larger_than,1,36,36,1.0,3.256174406678088,6242.884027017841,1.0,False,0.99,0.09,0.665,0.0,1.0,0
Qwen/Qwen3-8B,truth_larger_than,5,36,36,1.0,0.3799491466712512,2523.6612927983615,1.0,False,1.0,0.355,0.665,0.0,1.0,0
Qwen/Qwen3-8B,truth_larger_than,10,36,35,0.972,0.29414651856949653,30109.0564020332,1.1195420519916595,False,1.0,0.46,0.665,0.0,1.0,0
Qwen/Qwen3-8B,truth_larger_than,15,36,35,0.972,0.29397326677898816,9288.204451445463,1.4616383133549333,False,0.98,0.62,0.665,0.0,1.0,0
Qwen/Qwen3-14B,truth_larger_than,1,40,40,1.0,0.9540281461568818,13159.708334571344,1.0,False,1.0,0.235,0.08,0.0,1.0,0
Qwen/Qwen3-14B,truth_larger_than,5,40,39,0.975,0.3966743621468428,9368.665434831462,1.4491440449254884,False,1.0,0.665,0.08,0.0,1.0,0
Qwen/Qwen3-14B,truth_larger_than,10,40,39,0.975,0.2969779913558235,42759.39278981987,1.2722895000400907,False,1.0,0.915,0.08,0.0,1.0,0
Qwen/Qwen3-14B,truth_larger_than,15,40,39,0.975,0.2910212857937112,40596.325758493345,1.2790750697425939,False,1.0,0.92,0.08,0.0,1.0,0
Qwen/Qwen3-32B,truth_larger_than,1,64,63,0.984,5.898290095934592,4966.5123405600825,1.0848669723506985,False,0.555,0.145,0.015,0.0,0.6275,0
Qwen/Qwen3-32B,truth_larger_than,5,64,63,0.984,1.6086956626757403,4979.366071953139,1.5523154353303819,False,0.905,0.565,0.015,0.0,0.9475,0
Qwen/Qwen3-32B,truth_larger_than,10,64,63,0.984,1.0510896756299009,19428.613051191016,1.862315711695354,False,0.995,0.7,0.015,0.0,0.9975,0
Qwen/Qwen3-32B,truth_larger_than,15,64,62,0.969,0.9642543569505977,29260.022030475688,1.1056668782911583,False,1.0,0.83,0.015,0.0,1.0,0
google/gemma-2-9b-it,truth_larger_than,1,42,41,0.976,3.269205489646503,1500.2404671819659,1.7058057362725547,False,1.0,0.005,0.995,0.005,1.0,0
google/gemma-2-9b-it,truth_larger_than,5,42,41,0.976,0.3652337554281464,6808.68888182961,2.9925575084438822,False,1.0,0.09,0.995,0.005,1.0,0
google/gemma-2-9b-it,truth_larger_than,10,42,41,0.976,0.29118257197633113,13811.234814695914,2.903627069833441,False,0.995,0.37,0.995,0.005,1.0,0
google/gemma-2-9b-it,truth_larger_than,15,42,41,0.976,0.2766693316817093,9454.182757326598,2.9383375585926834,False,0.985,0.575,0.995,0.005,1.0,0
google/gemma-2-27b-it,truth_larger_than,1,46,46,1.0,1.3648031557315286,1906.1888425759307,1.0,False,1.0,0.0,1.0,0.0,1.0,0
google/gemma-2-27b-it,truth_larger_than,5,46,46,1.0,0.35633638137976603,16316.40203877611,1.0,False,1.0,0.165,1.0,0.0,1.0,0
google/gemma-2-27b-it,truth_larger_than,10,46,46,1.0,0.3699973686105849,34352.52434477524,1.0,False,1.0,0.47,1.0,0.0,1.0,0
google/gemma-2-27b-it,truth_larger_than,15,46,45,0.978,0.36377624795246166,44682.50215052229,1.1025219897522345,False,1.0,0.605,1.0,0.0,1.0,0
google/gemma-3-12b-it,truth_larger_than,1,48,47,0.979,2.4464884280819357,3650.326083220765,2.633144515591115,False,1.0,0.0,0.9,0.005,1.0,0
google/gemma-3-12b-it,truth_larger_than,5,48,47,0.979,0.2694176744991037,16996.053822343263,3.519826950976079,False,0.99,0.42,0.9,0.005,1.0,0
google/gemma-3-12b-it,truth_larger_than,10,48,47,0.979,0.3301994997534555,12821.530386717202,2.6331773261068125,False,1.0,0.825,0.9,0.005,1.0,0
google/gemma-3-12b-it,truth_larger_than,15,48,47,0.979,0.32896832593648273,17315.22311800392,2.7675653615256444,False,1.0,0.92,0.9,0.005,1.0,0
google/gemma-3-27b-it,truth_larger_than,1,62,61,0.984,2.421192563590971,1669.8966105450747,1.280142445100154,False,1.0,0.0,1.0,0.0,1.0,0
google/gemma-3-27b-it,truth_larger_than,5,62,61,0.984,0.3329767139928585,28092.48302647341,2.6950212623536443,False,1.0,0.515,1.0,0.0,1.0,0
google/gemma-3-27b-it,truth_larger_than,10,62,61,0.984,0.3528441029077378,74144.62314701371,2.2935611791135044,False,1.0,0.83,1.0,0.0,1.0,0
google/gemma-3-27b-it,truth_larger_than,15,62,61,0.984,0.3584746383549367,25041.765371755842,2.220640848332928,False,1.0,0.84,1.0,0.0,1.0,0
Qwen/Qwen3-4B,truth_sp_en_trans,1,36,36,1.0,9.713092783657512,1040.2676876696387,1.0,False,1.0,0.0,0.225,0.01,1.0,0
Qwen/Qwen3-4B,truth_sp_en_trans,5,36,36,1.0,0.5823627767317437,3681.2815471139684,1.0,False,1.0,0.05,0.225,0.01,1.0,0
Qwen/Qwen3-4B,truth_sp_en_trans,10,36,36,1.0,0.37759849216319086,20852.50245623116,1.0,False,1.0,0.505,0.225,0.01,1.0,0
Qwen/Qwen3-4B,truth_sp_en_trans,15,36,36,1.0,0.3553275450364956,19595.574289753422,1.0,False,1.0,0.635,0.225,0.01,1.0,0
Qwen/Qwen3-8B,truth_sp_en_trans,1,36,36,1.0,9.606114074776896,1143.3515507784252,1.0,False,0.99,0.005,0.79,0.035,1.0,0
Qwen/Qwen3-8B,truth_sp_en_trans,5,36,36,1.0,0.47008549559636353,5216.853667433632,1.0,False,1.0,0.28,0.79,0.035,1.0,0
Qwen/Qwen3-8B,truth_sp_en_trans,10,36,36,1.0,0.32279892654709663,30742.931780772862,1.0,False,1.0,0.625,0.79,0.035,1.0,0
Qwen/Qwen3-8B,truth_sp_en_trans,15,36,36,1.0,0.3026334689958265,52769.14144533639,1.0,False,1.0,0.885,0.79,0.035,1.0,0
Qwen/Qwen3-14B,truth_sp_en_trans,1,40,40,1.0,1.7337538433691548,16731.859687966116,1.0,False,0.995,0.005,0.87,0.005,1.0,0
Qwen/Qwen3-14B,truth_sp_en_trans,5,40,40,1.0,0.2722810089254255,24748.66463002953,1.0,False,1.0,0.375,0.87,0.005,1.0,0
Qwen/Qwen3-14B,truth_sp_en_trans,10,40,40,1.0,0.14948818375297915,160450.71144533326,1.0,False,1.0,0.64,0.87,0.005,1.0,0
Qwen/Qwen3-14B,truth_sp_en_trans,15,40,40,1.0,0.14714355364360285,159720.34319081443,1.0,False,1.0,0.8,0.87,0.005,1.0,0
Qwen/Qwen3-32B,truth_sp_en_trans,1,64,63,0.984,12.16350029536101,3353.814044261359,1.095300483907264,False,0.82,0.065,0.35,0.0,0.8125,0
Qwen/Qwen3-32B,truth_sp_en_trans,5,64,63,0.984,2.3651513298999642,4720.072076620034,1.2764204317281809,False,0.95,0.555,0.35,0.0,0.9725,0
Qwen/Qwen3-32B,truth_sp_en_trans,10,64,62,0.969,1.7055841567768046,15018.873006662445,1.171867107453867,False,0.99,0.63,0.35,0.0,0.99,0
Qwen/Qwen3-32B,truth_sp_en_trans,15,64,64,1.0,0.952666873450758,23999.767483689335,1.0,False,1.0,0.785,0.35,0.0,1.0,0
google/gemma-2-9b-it,truth_sp_en_trans,1,42,41,0.976,2.4402843714086657,3856.6901145093257,2.136219611503082,False,1.0,0.0,0.99,0.005,1.0,0
google/gemma-2-9b-it,truth_sp_en_trans,5,42,41,0.976,0.31941519441687766,24060.134929461154,2.961865887788975,False,1.0,0.085,0.99,0.005,1.0,0
google/gemma-2-9b-it,truth_sp_en_trans,10,42,41,0.976,0.30369611086337456,39315.68984869464,2.889998601861765,False,1.0,0.615,0.99,0.005,1.0,0
google/gemma-2-9b-it,truth_sp_en_trans,15,42,41,0.976,0.27765246292420237,27310.34527040338,3.054220684858863,False,1.0,0.86,0.99,0.005,1.0,0
google/gemma-2-27b-it,truth_sp_en_trans,1,46,46,1.0,5.200733270228544,970.970541769019,1.0,False,1.0,0.0,1.0,0.0,1.0,0
google/gemma-2-27b-it,truth_sp_en_trans,5,46,46,1.0,0.37567766536134073,5366.057420792587,1.0,False,1.0,0.12,1.0,0.0,1.0,0
google/gemma-2-27b-it,truth_sp_en_trans,10,46,46,1.0,0.3775996393185449,12106.196149023535,1.0,False,1.0,0.635,1.0,0.0,1.0,0
google/gemma-2-27b-it,truth_sp_en_trans,15,46,46,1.0,0.5068392623827036,6303.5059798174025,1.0,False,1.0,0.885,1.0,0.0,1.0,0
google/gemma-3-12b-it,truth_sp_en_trans,1,48,47,0.979,3.943207130348917,3472.821317877685,3.3453725724578454,False,1.0,0.0,0.37,0.0,1.0,0
google/gemma-3-12b-it,truth_sp_en_trans,5,48,47,0.979,0.3235915289552017,9918.893356339158,3.6178476136203233,False,0.99,0.385,0.37,0.0,1.0,0
google/gemma-3-12b-it,truth_sp_en_trans,10,48,47,0.979,0.317754197298479,33250.26937329755,2.862048115685943,False,0.995,0.615,0.37,0.0,1.0,0
google/gemma-3-12b-it,truth_sp_en_trans,15,48,47,0.979,0.2723352598196353,35158.2151960807,3.0673060005662403,False,0.995,0.77,0.37,0.0,1.0,0
google/gemma-3-27b-it,truth_sp_en_trans,1,62,61,0.984,5.356286547879479,1070.8478608037583,1.6029570294612352,False,0.995,0.005,0.49,0.0,1.0,0
google/gemma-3-27b-it,truth_sp_en_trans,5,62,61,0.984,0.3654310294726174,12320.805833922781,4.03526106407971,False,1.0,0.22,0.49,0.0,1.0,0
google/gemma-3-27b-it,truth_sp_en_trans,10,62,61,0.984,0.4205421263593173,25921.010326444622,2.608869235490938,False,1.0,0.52,0.49,0.0,1.0,0
google/gemma-3-27b-it,truth_sp_en_trans,15,62,61,0.984,0.44498626847751327,20173.811641026823,2.3213992966895733,False,1.0,0.755,0.49,0.0,1.0,0
