model,concept,n_layers,argmin,depth,tmin,drop,rise,is_u,tdnv_l1,tdnv_last,shuffled_at_min,probe_acc_at_min
Qwen/Qwen3-14B,caa_coordinate-other-ais,40,28,0.7,1.4374833122862472,4269.61270083261,2.7086945195006877,True,6137.497007372291,3.893703169863453,635.460783591368,0.9166666666666667
Qwen/Qwen3-32B,caa_coordinate-other-ais,64,50,0.78125,1.351246930865853,3852.8038554733916,3.2470686751270432,True,4710.558889940804,4.387591581576069,479.57012073686036,0.9416666666666667
Qwen/Qwen3-4B,caa_coordinate-other-ais,36,27,0.75,2.6696596982424743,3616.400696580027,1.4222648929574981,False,9654.55919235571,3.7969632649537792,582.36544085501,0.9222222222222223
Qwen/Qwen3-8B,caa_coordinate-other-ais,36,36,1.0,0.9646082595232903,6212.107126903803,1.0,False,5992.249843654905,0.9646082595232903,615.643114300157,0.8583333333333334
allenai/Olmo-3-7B-Instruct,caa_coordinate-other-ais,32,17,0.53125,2.225952949229555,5951.555890827141,1.3548344151727705,False,13247.883387691207,3.0157976621715274,530.6166493944256,0.9333333333333333
allenai/Olmo-3.1-32B-Instruct,caa_coordinate-other-ais,64,27,0.421875,1.364008077094737,10962.611329576994,2.242543966104533,True,14953.090399593293,3.0588480830066493,460.1295929772776,0.9500000000000001
google/gemma-2-27b-it,caa_coordinate-other-ais,46,46,1.0,0.3759202646149076,41875.63254687305,1.0,False,15741.898867937152,0.3759202646149076,816.9261454339656,0.9555555555555556
google/gemma-2-9b-it,caa_coordinate-other-ais,42,40,0.9523809523809523,0.7698163989651412,17129.437870917624,1.1871612396354079,False,13186.522178086921,0.9138961904871227,590.5543518589699,0.9500000000000001
google/gemma-3-12b-it,caa_coordinate-other-ais,48,25,0.5208333333333334,1.0876890796687129,15117.521358708744,2.652264097852365,True,16443.162893526023,2.884838695631408,538.630639800174,0.8416666666666667
google/gemma-3-27b-it,caa_coordinate-other-ais,62,54,0.8709677419354839,1.6229441014845836,11510.797421254272,1.5676541455656738,True,18681.380778208575,2.544215048713665,330.3518726181996,0.9166666666666667
meta-llama/Llama-3.1-8B-Instruct,caa_coordinate-other-ais,32,16,0.5,1.4093963288206417,6297.271383491908,2.1584914089113254,True,8875.351169480778,3.0421698675105167,406.6955243601465,0.9027777777777778
Qwen/Qwen3-14B,caa_corrigible-neutral-HHH,40,25,0.625,2.639039400297364,451.2486495273398,5.943568151825609,True,1190.8629654336262,15.685310531020367,385.70983855100843,0.9482758620689655
Qwen/Qwen3-32B,caa_corrigible-neutral-HHH,64,44,0.6875,2.824443882713859,407.551022439897,5.566901815669345,True,1023.2830399066581,15.723401778935955,386.4207790429105,0.9517241379310345
Qwen/Qwen3-4B,caa_corrigible-neutral-HHH,36,20,0.5555555555555556,3.945398740028859,300.07437634921433,2.1177615748718592,True,1167.0948276679992,8.355413849180966,498.42185977904563,0.9620689655172414
Qwen/Qwen3-8B,caa_corrigible-neutral-HHH,36,20,0.5555555555555556,2.5399221637182006,411.1943736149139,3.028288328433241,True,1014.4732329320956,7.69161664351673,438.0421933608354,0.9689655172413792
allenai/Olmo-3-7B-Instruct,caa_corrigible-neutral-HHH,32,15,0.46875,2.5579053521969928,454.1508984351833,2.7892077660881656,True,1161.6750138124282,7.134529473266336,444.7283210254973,0.9517241379310345
allenai/Olmo-3.1-32B-Instruct,caa_corrigible-neutral-HHH,64,17,0.265625,1.8691976773893426,634.2041913225804,5.115512198271133,True,1175.9648821983656,9.561903519665252,455.6535234775384,0.9448275862068966
google/gemma-2-27b-it,caa_corrigible-neutral-HHH,46,24,0.5217391304347826,1.921817393335318,587.4283266166336,3.108011465432542,True,1128.9299754297067,5.97303049295385,405.6849015356285,0.9620689655172414
google/gemma-2-9b-it,caa_corrigible-neutral-HHH,42,19,0.4523809523809524,1.6444856318328076,764.2097060080428,5.571101443861835,True,1163.3274433716658,9.161596277913796,472.0838868806596,0.9758620689655172
google/gemma-3-12b-it,caa_corrigible-neutral-HHH,48,21,0.4375,0.9717772514187706,1182.4585941978817,7.448769209929695,True,1149.086362586121,7.238544469278247,1064.1951519314036,0.7827586206896552
google/gemma-3-27b-it,caa_corrigible-neutral-HHH,62,30,0.4838709677419355,1.8745708864503599,643.4326794293377,2.5776488294455775,True,1170.0546913301337,4.831985451171529,466.83719128701586,0.9620689655172414
meta-llama/Llama-3.1-8B-Instruct,caa_corrigible-neutral-HHH,32,14,0.4375,2.216193125740649,565.0327718955803,2.4904015251317757,True,1252.2217448931692,5.5192107403310695,355.4963157051764,0.9724137931034482
Qwen/Qwen3-14B,caa_hallucination,40,26,0.65,2.5214300832285015,2074.439476863598,3.5977928992862904,True,5230.554102800671,9.071583249486343,1116.8011984833613,0.883
Qwen/Qwen3-32B,caa_hallucination,64,51,0.796875,2.1315488543676535,2592.5911193083934,3.340703130558864,True,5526.2346302055585,7.120871930725181,1227.8968357020929,0.8310000000000001
Qwen/Qwen3-4B,caa_hallucination,36,25,0.6944444444444444,2.8854436439261204,2794.548002810669,1.449568579490618,False,8063.510772356479,4.182648444126219,996.4444660887654,0.931
Qwen/Qwen3-8B,caa_hallucination,36,36,1.0,3.8636916304253135,1593.7111552548151,1.0,False,6157.608451873487,3.8636916304253135,1959.1256391045802,0.7000000000000001
allenai/Olmo-3-7B-Instruct,caa_hallucination,32,14,0.4375,3.198850838049649,892.8181467823997,3.3852423930097566,True,2855.9920770608137,10.82888546588046,1280.6770170710934,0.982
allenai/Olmo-3.1-32B-Instruct,caa_hallucination,64,21,0.328125,2.467343800560478,994.2807829963367,1.979492091274461,True,2453.232525942429,4.884087539664537,1159.357113684365,0.992
google/gemma-2-27b-it,caa_hallucination,46,26,0.5652173913043478,1.7544193951128084,4613.564827014608,1.1862161449931772,False,8094.127613124698,2.0811206115719774,1053.5804656768794,0.904
google/gemma-2-9b-it,caa_hallucination,42,37,0.8809523809523809,1.7349102489065094,3092.020887199695,1.3124388537157747,False,5364.378727035749,2.2769636183746087,1221.3674286736702,0.857
google/gemma-3-12b-it,caa_hallucination,48,32,0.6666666666666666,3.7129805592495235,1421.7714439442636,1.2525803284411332,False,3810.378348017398,4.65080640840031,1212.189363788931,0.8170000000000001
google/gemma-3-27b-it,caa_hallucination,62,25,0.4032258064516129,2.1451445912587723,3150.214450094628,2.9947518801643054,True,6757.665488925719,6.424175797896499,1730.5628916776375,0.714
meta-llama/Llama-3.1-8B-Instruct,caa_hallucination,32,16,0.5,1.946337708372747,3345.261480360013,2.5504620451252635,True,6511.008563591531,4.964060452200775,1114.8384871370847,0.839
Qwen/Qwen3-14B,caa_myopic-reward,40,25,0.625,3.395656363241181,3216.9742809837458,15.01599721386528,True,10923.739187605679,50.98916648967348,1017.8153967310685,0.991578947368421
Qwen/Qwen3-32B,caa_myopic-reward,64,46,0.71875,4.502416071168106,2034.5687930294073,7.068384225921981,True,9160.4752316327,31.82480673598226,1027.9073986991207,1.0
Qwen/Qwen3-4B,caa_myopic-reward,36,21,0.5833333333333334,4.758120014129464,1076.9514034795739,10.667253754885934,True,3159.3148441227136,50.75607358692044,991.1125846629044,0.9978947368421053
Qwen/Qwen3-8B,caa_myopic-reward,36,21,0.5833333333333334,3.9608155045822415,1772.879386551921,15.204403996425286,True,5592.630228326556,60.22183908697347,1004.9161036151619,0.9968421052631579
allenai/Olmo-3-7B-Instruct,caa_myopic-reward,32,15,0.46875,4.470793343028808,3852.5094877663887,5.648037347191736,True,17223.77377186129,25.2512077730029,995.9755637363209,0.9873684210526316
allenai/Olmo-3.1-32B-Instruct,caa_myopic-reward,64,22,0.34375,2.3040820529874755,7121.914216871255,7.97578619603294,True,16409.47473000941,18.376865832744745,956.6683106011498,0.9978947368421053
google/gemma-2-27b-it,caa_myopic-reward,46,22,0.4782608695652174,1.0227397384766475,45012.33293180403,12.975886198765863,True,46035.90161089704,13.270954457428537,1300.0321584034018,0.988421052631579
google/gemma-2-9b-it,caa_myopic-reward,42,22,0.5238095238095238,1.5205233668711917,36441.41864307168,11.757245488516322,True,55410.02856872596,17.877166495329966,1007.1460534669619,0.9978947368421053
google/gemma-3-12b-it,caa_myopic-reward,48,23,0.4791666666666667,1.6486306683826122,21098.628007699095,7.203455820550428,True,27944.944421754546,11.87583818409867,810.3235911347073,0.7863157894736842
google/gemma-3-27b-it,caa_myopic-reward,62,29,0.46774193548387094,2.1349735162672254,42444.394741634394,7.493228419729614,True,78119.37318737977,15.997844227463638,1457.6202092928468,0.7821052631578947
meta-llama/Llama-3.1-8B-Instruct,caa_myopic-reward,32,12,0.375,3.2901241584703436,7399.222799328584,10.182046623062831,True,24344.36168597554,33.5001975772104,1142.1974882896793,0.9673684210526315
Qwen/Qwen3-14B,caa_refusal,40,28,0.7,1.781554523128203,98.82996773667759,2.060306619720848,True,149.77745602248646,3.670548577394656,383.63841286091815,0.8872549019607843
Qwen/Qwen3-32B,caa_refusal,64,50,0.78125,1.8270966464250227,121.42176384779995,2.7288996951300146,True,160.4354538532434,4.985963481402316,325.07538094230136,0.9068627450980392
Qwen/Qwen3-4B,caa_refusal,36,24,0.6666666666666666,2.3465235915760685,63.454452455024104,1.4923431305040367,False,148.89736967625603,3.5018183624542054,469.4934793709264,0.8946078431372549
Qwen/Qwen3-8B,caa_refusal,36,36,1.0,1.426271113387317,115.09379329568111,1.0,False,150.9893372499789,1.426271113387317,438.2242289244114,0.8235294117647058
allenai/Olmo-3-7B-Instruct,caa_refusal,32,17,0.53125,2.9337686914153194,54.22599852390654,1.4912999929380184,False,148.2463989500342,4.375129228789445,404.7702796480523,0.9485294117647058
allenai/Olmo-3.1-32B-Instruct,caa_refusal,64,27,0.421875,1.7311798628361694,92.64363268667843,1.628353525990282,True,147.46124233594304,2.818972833772649,352.73526581110394,0.9142156862745098
google/gemma-2-27b-it,caa_refusal,46,46,1.0,0.9517877212745326,159.0238125308543,1.0,False,144.06072013980818,0.9517877212745326,575.5915093004216,0.8970588235294118
google/gemma-2-9b-it,caa_refusal,42,28,0.6666666666666666,1.2682554788585245,118.890715825438,1.6170847685752696,True,146.44898188529862,2.050876617524255,304.24919799301625,0.8995098039215687
google/gemma-3-12b-it,caa_refusal,48,24,0.5,0.9783656746903298,195.40825188273945,3.004831484082401,True,141.89267202629432,2.939823982255023,366.864325230706,0.8578431372549019
google/gemma-3-27b-it,caa_refusal,62,36,0.5806451612903226,1.7802489986630627,130.3663791331918,1.563101757248527,True,146.07899010924834,2.782710338150164,268.91826431422123,0.8676470588235294
meta-llama/Llama-3.1-8B-Instruct,caa_refusal,32,16,0.5,1.9947407368239098,78.55158708133807,1.8428300192828098,True,156.24774902972752,3.675968110505412,374.5395607332818,0.8774509803921569
Qwen/Qwen3-14B,caa_survival-instinct,40,2,0.05,6.527830679066263,1.0298394022344022,1.877340896828007,False,6.722617244416991,12.254963501379635,3496.3946510393675,0.6626106194690266
Qwen/Qwen3-32B,caa_survival-instinct,64,2,0.03125,6.166686374853808,1.0549823818423234,2.6627796877085057,False,6.505745479817873,16.42052721942952,4255.776452669671,0.6626106194690266
Qwen/Qwen3-4B,caa_survival-instinct,36,3,0.08333333333333333,6.269243416325504,1.066647557966719,3.0698858982705115,False,6.359920575622108,19.245861956602912,5268.291355627111,0.6626106194690266
Qwen/Qwen3-8B,caa_survival-instinct,36,1,0.027777777777777776,6.617812760660737,1.0,2.0832198718137227,False,6.617812760660737,13.786359050950878,4864.985209391663,0.6592920353982301
allenai/Olmo-3-7B-Instruct,caa_survival-instinct,32,1,0.03125,6.182918715247347,1.0,3.1563483544940816,False,6.182918715247347,19.515445312841624,5258.938033112837,0.6626106194690266
allenai/Olmo-3.1-32B-Instruct,caa_survival-instinct,64,1,0.015625,6.079477057985458,1.0,2.254049880396538,False,6.079477057985458,13.703444535425618,5375.340720415735,0.6626106194690266
google/gemma-2-27b-it,caa_survival-instinct,46,1,0.021739130434782608,6.380664452502147,1.0,1.2534872928166902,False,6.380664452502147,7.998081810938606,8430.971785580545,0.6526548672566371
google/gemma-2-9b-it,caa_survival-instinct,42,19,0.4523809523809524,5.824052863815753,2.0172970512188253,2.267472899015719,True,5.966551593454185,13.205882031137106,1161.3538803972097,0.7555309734513275
google/gemma-3-12b-it,caa_survival-instinct,48,20,0.4166666666666667,3.8441492403675857,8.056875022925787,4.290866667818265,True,5.889641884145964,16.494731841612175,4865.478161508744,0.6780973451327433
google/gemma-3-27b-it,caa_survival-instinct,62,27,0.43548387096774194,3.98523785507349,7.077853776366522,4.836835476575955,True,6.022405384264879,19.27593984001292,1485.1257646684535,0.6803097345132744
meta-llama/Llama-3.1-8B-Instruct,caa_survival-instinct,32,1,0.03125,6.4733305354006605,1.0,2.1770057466689865,False,6.4733305354006605,14.092477775655066,4665.013255773619,0.6626106194690266
Qwen/Qwen3-14B,caa_sycophancy,40,31,0.775,3.5880191415536404,412.157205102035,1.9132158055246404,True,1197.1240505346477,6.864654932145377,1770.5688505632388,0.792
Qwen/Qwen3-32B,caa_sycophancy,64,50,0.78125,3.985811660365711,398.6202023528934,2.520243317498748,True,1103.224054202115,10.045215201845272,1435.5969291739145,0.811
Qwen/Qwen3-4B,caa_sycophancy,36,27,0.75,6.4598024104910765,237.43400673495984,1.2698007205789916,False,1058.5807521682138,8.202661755639475,1627.3657803051137,0.718
Qwen/Qwen3-8B,caa_sycophancy,36,36,1.0,4.642498745206296,288.5636054233074,1.0,False,1090.3771421560527,4.642498745206296,2396.8683734854762,0.6960000000000001
allenai/Olmo-3-7B-Instruct,caa_sycophancy,32,18,0.5625,31.366244010832098,52.28514402633704,1.1575995482032564,False,1057.2305588472102,36.309549895772335,1143.0751441422192,0.6960000000000001
allenai/Olmo-3.1-32B-Instruct,caa_sycophancy,64,27,0.421875,6.575972904942194,224.7789275077619,1.7082763977165523,True,1052.206156992967,11.233579305536303,1281.606691556446,0.779
google/gemma-2-27b-it,caa_sycophancy,46,46,1.0,2.3512611199002444,880.1976489774851,1.0,False,1078.2723668420022,2.3512611199002444,2524.859719401518,0.8170000000000001
google/gemma-2-9b-it,caa_sycophancy,42,40,0.9523809523809523,4.655148336175946,328.7979014875983,1.1852854612773673,False,1053.9693724601016,5.517679642958876,1749.0102494300784,0.77
google/gemma-3-12b-it,caa_sycophancy,48,29,0.6041666666666666,3.2435383296630826,929.0793445958446,2.855622462685731,True,1030.799628383467,9.262320912768054,636.9652160184883,0.71
google/gemma-3-27b-it,caa_sycophancy,62,34,0.5483870967741935,2.711638937031027,884.55653395425,1.983446265506472,True,1061.2772671232083,5.37839012305613,1730.5255524132717,0.8220000000000001
meta-llama/Llama-3.1-8B-Instruct,caa_sycophancy,32,19,0.59375,5.23721246687464,313.6235135314273,2.2493193190174137,True,1098.6562582693891,11.780163179539974,1450.325960696345,0.8260000000000001
Qwen/Qwen3-14B,safety_prompt,40,26,0.65,0.5862085108740402,6.219145669004321,2.222141904632574,True,0.7372981415432224,1.3026384968654647,1506.2727527418565,0.995
Qwen/Qwen3-32B,safety_prompt,64,48,0.75,0.6363427013408416,4.197845527824813,1.2852661154683593,False,0.8463447418677563,0.8178697118589858,1518.8527130209723,0.995
Qwen/Qwen3-4B,safety_prompt,36,24,0.6666666666666666,0.6196141949610745,5.259528196199191,2.150101798297776,True,0.7796703579299729,1.332233594836635,1483.4417089200367,0.994
Qwen/Qwen3-8B,safety_prompt,36,23,0.6388888888888888,0.4765855372343574,6.488297134142891,2.6000952901068457,True,0.8762723714522607,1.2391678106960935,1634.4365254800032,0.993
allenai/Olmo-3-7B-Instruct,safety_prompt,32,28,0.875,0.790866745108717,3.786046860140187,1.3819451147871669,False,0.934783164831709,1.092934434850619,1237.1549809184946,0.997
allenai/Olmo-3.1-32B-Instruct,safety_prompt,64,19,0.296875,0.7110770118254806,3.5961251247582697,1.4815545721537,False,1.0985341159481057,1.0534993980234313,1462.6833484353037,0.994
google/gemma-2-27b-it,safety_prompt,46,30,0.6521739130434783,0.841508840097509,5.772743181642597,1.9386801658402701,True,4.857814418964866,1.6314164976762922,1118.504251419083,0.991
google/gemma-2-9b-it,safety_prompt,42,36,0.8571428571428571,0.8970429600029046,4.262782782403764,1.8387935396434887,True,0.9768864935616807,1.6494767996360133,1120.3955761580416,0.994
google/gemma-3-12b-it,safety_prompt,48,18,0.375,0.23404531920642097,12.070524311967564,6.547562438307619,True,1.340161489300202,1.5324263408976786,1825.7696138975782,0.9380000000000001
google/gemma-3-27b-it,safety_prompt,62,23,0.3709677419354839,0.2694845245039149,8.812161221096284,5.984064587940243,True,2.3747410765189705,1.612612800081792,4682.414648789494,0.924
meta-llama/Llama-3.1-8B-Instruct,safety_prompt,32,1,0.03125,0.8421516961640866,1.0,1.7713113996610983,False,0.8421516961640866,1.4917128996593763,1060.5218585569187,0.846
Qwen/Qwen3-14B,safety_response,40,26,0.65,5.932836018014616,12.985932997172466,1.397006006491272,False,77.0434110131493,8.288207552694178,960.7685036188768,0.987
Qwen/Qwen3-32B,safety_response,64,50,0.78125,6.366655881736328,11.736657602921897,3.258013626865671,True,74.72326015956808,20.74265162026143,960.7503205996017,0.986
Qwen/Qwen3-4B,safety_response,36,23,0.6388888888888888,6.41095907336563,12.238204080748485,1.2236872896340982,False,78.45862549317478,7.845009132441917,990.0628270268195,0.984
Qwen/Qwen3-8B,safety_response,36,36,1.0,5.6322593356465305,13.577416888659966,1.0,False,76.47153302511997,5.6322593356465305,1275.202914433303,0.886
allenai/Olmo-3-7B-Instruct,safety_response,32,19,0.59375,7.94531602340955,16.597142281849045,2.3317192288263446,True,131.86954051478335,18.526246150886116,1025.0289620759897,0.972
allenai/Olmo-3.1-32B-Instruct,safety_response,64,24,0.375,6.531155632965897,20.25438804108118,2.5701385066454976,True,132.28456054678446,16.7859745851803,983.9559406206841,0.973
google/gemma-2-27b-it,safety_response,46,23,0.5,2.1145180703468807,48.88131802038378,2.0225826285423705,True,103.36043025647412,4.276787516822535,1134.1244341980243,0.916
google/gemma-2-9b-it,safety_response,42,24,0.5714285714285714,6.60610591644003,16.7683893349877,1.4115221775663678,False,110.77375599503215,9.324665008407496,976.7304482533146,0.985
google/gemma-3-12b-it,safety_response,48,27,0.5625,3.1085782484571687,34.84280388654676,4.1617957007646496,True,101.25441965433183,12.937267589919548,1825.688851240119,0.722
google/gemma-3-27b-it,safety_response,62,30,0.4838709677419355,5.750265410358349,20.215695224449245,2.4547353525265714,True,116.24561299549696,14.11537978921735,1643.967278080551,0.706
meta-llama/Llama-3.1-8B-Instruct,safety_response,32,14,0.4375,8.483345179082916,10.364419162088002,1.632315751149833,True,87.92494533269384,13.847497958258044,921.7517673206071,0.96
Qwen/Qwen3-14B,truth_cities,40,31,0.775,0.3938662573888897,1455.3668894543282,2.6695831427463093,True,573.2199098770863,1.0514587212219588,1922.2919244388984,0.9866310160427807
Qwen/Qwen3-32B,truth_cities,64,53,0.828125,0.5173730835226197,1121.9266082031015,1.765466629563087,True,411.79756820044156,0.9134049139933409,1642.6556950421507,0.9866310160427807
Qwen/Qwen3-4B,truth_cities,36,26,0.7222222222222222,0.5740236822252216,691.6826477805389,2.9806675630399466,True,257.51127761336386,1.710973770025468,1413.257641108953,0.9679144385026738
Qwen/Qwen3-8B,truth_cities,36,24,0.6666666666666666,0.6281496040733096,746.9277942402013,3.613433882233904,True,268.6001582530115,2.2697770624703084,1352.7766626118953,0.9786096256684491
allenai/Olmo-3-7B-Instruct,truth_cities,32,16,0.5,4.840574002172093,303.7452425905512,3.550395628224243,True,1102.4825869742554,17.185952775407724,718.3086879914553,0.9211229946524063
allenai/Olmo-3.1-32B-Instruct,truth_cities,64,64,1.0,7.589756264501634,158.03853482168714,1.0,False,1036.6695021190312,7.589756264501634,883.2854132537735,0.872994652406417
google/gemma-2-27b-it,truth_cities,46,23,0.5,0.17365351438458387,3875.7769220436007,5.176152207143811,True,673.0422834835366,0.8988570217600432,2686.6282540899497,0.9906417112299465
google/gemma-2-9b-it,truth_cities,42,26,0.6190476190476191,0.17514899659810496,2756.674287862427,5.400784298966112,True,482.8287354668996,0.9459419508067143,2730.1110859869004,0.9933155080213903
google/gemma-3-12b-it,truth_cities,48,22,0.4583333333333333,0.14072573170286456,6062.105263030017,5.749107148949185,True,853.0941987996855,0.8090473101740436,8540.20750566118,0.9679144385026738
google/gemma-3-27b-it,truth_cities,62,35,0.5645161290322581,0.1663888839903386,2913.216694310255,4.817500359677357,True,451.3039690341995,0.8015785084697703,3265.264551520617,0.981283422459893
meta-llama/Llama-3.1-8B-Instruct,truth_cities,32,14,0.4375,0.543155163469885,2045.8492493338383,3.828589574344362,True,1111.2135834566625,2.0795181961121094,1194.9198462474387,0.9545454545454545
Qwen/Qwen3-14B,truth_common_claim_true_false,40,26,0.65,19.999178168596686,8.07732067788696,1.7709605521162362,True,161.53977536195146,35.417755611328964,959.9763386613928,0.769
Qwen/Qwen3-32B,truth_common_claim_true_false,64,48,0.75,21.890449035340673,8.158695984578362,1.1496836808718849,False,178.59751864525123,25.167092022888866,978.1533151851694,0.776
Qwen/Qwen3-4B,truth_common_claim_true_false,36,24,0.6666666666666666,21.271474909224477,6.870440149459443,1.445889678510267,False,146.144395254555,30.756206017937792,1060.3522455405212,0.743
Qwen/Qwen3-8B,truth_common_claim_true_false,36,24,0.6666666666666666,20.704456936315932,7.290504080318128,1.118643289943802,False,150.94592777498227,23.16090182374022,941.7882346355017,0.744
allenai/Olmo-3-7B-Instruct,truth_common_claim_true_false,32,16,0.5,68.3333690342325,2.5630200498054916,1.6026115976686381,True,175.13979490549562,109.511849722032,1050.4608969360268,0.72
allenai/Olmo-3.1-32B-Instruct,truth_common_claim_true_false,64,26,0.40625,41.653398937196,3.0906537748393186,2.3046630911922557,True,128.73623466013288,95.99705115326235,960.1573099458601,0.6920000000000001
google/gemma-2-27b-it,truth_common_claim_true_false,46,22,0.4782608695652174,12.600570231339615,14.98004773215959,1.535899755202036,True,188.75714351789665,19.353212733720575,1209.428678924336,0.739
google/gemma-2-9b-it,truth_common_claim_true_false,42,24,0.5714285714285714,15.367244411152965,8.603883447976651,2.504717451173981,True,132.2179798301307,38.49060525307066,1037.6315044523647,0.803
google/gemma-3-12b-it,truth_common_claim_true_false,48,32,0.6666666666666666,12.833047004069801,12.22664187308144,2.571167922028256,True,136.89817968967233,32.99591879874509,921.7190796073928,0.655
google/gemma-3-27b-it,truth_common_claim_true_false,62,41,0.6612903225806451,12.174409686649298,140.0199453128378,2.0637937518073786,True,1704.6601785407174,25.125470643250047,1058.436878928777,0.68
meta-llama/Llama-3.1-8B-Instruct,truth_common_claim_true_false,32,18,0.5625,22.13196092131907,4.221796926404981,1.7045401080004008,True,93.43664459294,37.724815059085856,1012.4230283551773,0.752
Qwen/Qwen3-14B,truth_companies_true_false,40,40,1.0,6.69263763178452,31.645002374156235,1.0,False,112.77282525275163,6.69263763178452,509.04097438075206,0.6966666666666667
Qwen/Qwen3-32B,truth_companies_true_false,64,46,0.71875,12.004322168851848,46.839073170716254,3.132548202977809,True,121.53168693300927,37.60411783800353,445.05431422969195,0.8550000000000001
Qwen/Qwen3-4B,truth_companies_true_false,36,21,0.5833333333333334,11.134084201589324,105.1373884616353,1.9483105633017639,True,91.46352305695457,21.692653862647767,426.8986586626755,0.8083333333333333
Qwen/Qwen3-8B,truth_companies_true_false,36,20,0.5555555555555556,13.115939697790532,42.52682962643252,1.6967880139174307,True,76.7706247479917,22.254969270474785,435.04429453182297,0.8316666666666667
allenai/Olmo-3-7B-Instruct,truth_companies_true_false,32,14,0.4375,42.266712915144524,2.8043385731053085,3.679694866778741,True,71.3540335367947,155.528606549468,469.9780021601554,0.7383333333333334
allenai/Olmo-3.1-32B-Instruct,truth_companies_true_false,64,19,0.296875,23.80744853047116,3.7150054748218935,1.6604565293243054,True,47.504316909819046,39.531233358973175,401.8251833715333,0.7416666666666667
google/gemma-2-27b-it,truth_companies_true_false,46,23,0.5,6.77221048167294,11.235881295366497,2.0545034217101543,True,50.95128067407382,13.913529607138429,384.21702016034465,0.8066666666666668
google/gemma-2-9b-it,truth_companies_true_false,42,20,0.47619047619047616,4.671546386771694,15.950463264002158,3.3314518086133327,True,29.149659070072406,15.563031659231639,430.14476735258205,0.8600000000000001
google/gemma-3-12b-it,truth_companies_true_false,48,27,0.5625,7.687848599536179,12.559809876045032,2.9655112346585595,True,36.95280750465261,22.79840139227861,417.7392890631834,0.62
google/gemma-3-27b-it,truth_companies_true_false,62,31,0.5,6.362680084271248,78.9734802505854,2.6983008257928107,True,502.4829899759884,17.16842492564458,575.7397507067403,0.6983333333333334
meta-llama/Llama-3.1-8B-Instruct,truth_companies_true_false,32,13,0.40625,11.818463250809545,6.721045342895535,2.983944122531122,True,79.43242739203552,35.265633954603196,397.3690773504154,0.8183333333333334
Qwen/Qwen3-14B,truth_larger_than,40,25,0.625,0.23277338191497782,90.16942728766631,2.917833605456654,True,8.59996078503242,0.6791939962073185,946.5200120399245,1.0
Qwen/Qwen3-32B,truth_larger_than,64,53,0.828125,0.6061939329500392,44.747932166305546,1.7238504553953697,True,11.874502168857642,1.0449876873738353,965.9454129041245,0.997979797979798
Qwen/Qwen3-4B,truth_larger_than,36,28,0.7777777777777778,0.21013963407738592,807.8417343602515,1.4734258423784166,False,9.17410302670837,0.30962516735756457,1313.1117510474367,0.9939393939393939
Qwen/Qwen3-8B,truth_larger_than,36,28,0.7777777777777778,0.4199808014594464,138.36170015836913,1.5759921292093264,True,13.02161380830922,0.6618864375191122,1015.542501155437,0.997979797979798
allenai/Olmo-3-7B-Instruct,truth_larger_than,32,18,0.5625,4.037220108333177,2.7631323529665455,1.7788556553194235,True,11.155373497382502,7.181631821477767,1091.2134279942466,0.9636363636363636
allenai/Olmo-3.1-32B-Instruct,truth_larger_than,64,44,0.6875,0.7508479385528088,51.946543357304115,3.293469865149089,True,12.079195734149968,2.4728950589329908,1280.525918840665,0.9949494949494949
google/gemma-2-27b-it,truth_larger_than,46,29,0.6304347826086957,0.04307863631680611,628.1103946792998,3.628076329983582,True,23.08404417737907,0.15629258074897537,1235.492537835926,1.0
google/gemma-2-9b-it,truth_larger_than,42,26,0.6190476190476191,0.0656282911310038,292.74379200961187,1.883484663810373,True,19.21227480880083,0.12360987985732798,1012.8900854377362,0.9959595959595959
google/gemma-3-12b-it,truth_larger_than,48,23,0.4791666666666667,0.09371779455748629,2102.210302178259,2.095764118960578,True,197.01451321617324,0.1964103911416987,2644.515703348203,0.996969696969697
google/gemma-3-27b-it,truth_larger_than,62,37,0.5967741935483871,0.07327804416474945,637.9132282809169,2.22135230630299,True,46.745033715246926,0.16277635240673854,1182.0727573766242,1.0
meta-llama/Llama-3.1-8B-Instruct,truth_larger_than,32,22,0.6875,0.23706595190144192,76.58241825153944,2.0451823973221064,True,18.155083881715555,0.4848431118332382,1292.1587205659212,0.997979797979798
Qwen/Qwen3-14B,truth_sp_en_trans,40,30,0.75,0.5529076029917052,387.214333406519,1.054954623192483,False,198.49845257525413,0.5832924319743732,297.26668716065893,0.9943820224719101
Qwen/Qwen3-32B,truth_sp_en_trans,64,54,0.84375,0.5780639524571184,437.05486685809205,5.4183668647108805,True,252.64566377660833,3.132162565677456,234.27389812767066,1.0
Qwen/Qwen3-4B,truth_sp_en_trans,36,22,0.6111111111111112,0.8247997545299731,280.70645999230254,2.065762832257642,True,223.7215202408942,1.703840676963245,210.5841072418074,0.9943820224719101
Qwen/Qwen3-8B,truth_sp_en_trans,36,26,0.7222222222222222,0.8176269312655118,274.61571975981167,1.5640265551777723,True,224.53320822448458,1.2787902327277716,247.14088479504258,1.0
allenai/Olmo-3-7B-Instruct,truth_sp_en_trans,32,14,0.4375,2.0982062580133714,105.40789550465075,1.1927025224105279,False,221.16750599187773,2.502535896470103,165.23840367006372,0.9606741573033708
allenai/Olmo-3.1-32B-Instruct,truth_sp_en_trans,64,19,0.296875,1.4674530039218179,163.2446497741099,3.636340120980093,True,239.55385168518265,5.336158233813665,197.4555678737306,0.9943820224719101
google/gemma-2-27b-it,truth_sp_en_trans,46,20,0.43478260869565216,0.46937752473554273,538.712344187832,3.7187975409907117,True,195.2604111929353,1.7455199847828433,232.63816222938317,1.0
google/gemma-2-9b-it,truth_sp_en_trans,42,24,0.5714285714285714,0.6248144326274052,381.74598597086043,3.1413328825059064,True,238.52040163217256,1.9627501226767392,239.53103447587117,0.9943820224719101
google/gemma-3-12b-it,truth_sp_en_trans,48,21,0.4375,0.37760420360652197,898.3486527968234,3.1423145830807533,True,339.22022760033644,1.186551195625368,989.580170499679,0.9550561797752809
google/gemma-3-27b-it,truth_sp_en_trans,62,40,0.6451612903225806,0.3052149114422446,2410.1423698706644,2.3395168748411432,True,735.6113899832764,0.7140554357722764,219.8874593684568,1.0
meta-llama/Llama-3.1-8B-Instruct,truth_sp_en_trans,32,12,0.375,1.0029373495242544,224.20140006384977,4.699945667943809,True,212.54870669124983,4.713751051115565,235.35694420904306,1.0
